DeployID,Ptt,DepthSensor,Source,Instr,Count,Start,End,What,Number,Shape,DepthMin,DepthMax,DurationMin,DurationMax,Shallow,Deep
GmTag225,180767,1.000000,Transmission,Mk10,20,17:15:00 28-Jul-2019,22:02:22 28-Jul-2019,Message,9,,,,17233.000000,17251.000000,,
GmTag225,180767,1.000000,Transmission,Mk10,20,17:15:00 28-Jul-2019,17:17:20 28-Jul-2019,Surface,,,,,139,141,23,117
GmTag225,180767,1.000000,Transmission,Mk10,20,17:17:20 28-Jul-2019,17:31:04 28-Jul-2019,Dive,1,U,308.0,315.0,823,825,,
GmTag225,180767,1.000000,Transmission,Mk10,20,17:31:04 28-Jul-2019,17:35:32 28-Jul-2019,Surface,,,,,267,269,43,225
GmTag225,180767,1.000000,Transmission,Mk10,20,17:35:32 28-Jul-2019,17:47:20 28-Jul-2019,Dive,1,U,244.0,251.0,707,709,,
GmTag225,180767,1.000000,Transmission,Mk10,20,17:47:20 28-Jul-2019,18:38:26 28-Jul-2019,Surface,,,,,3065,3067,99,2967
GmTag225,180767,1.000000,Transmission,Mk10,20,18:38:26 28-Jul-2019,18:50:00 28-Jul-2019,Dive,1,U,632.0,647.0,693,695,,
GmTag225,180767,1.000000,Transmission,Mk10,20,18:50:00 28-Jul-2019,21:50:16 28-Jul-2019,Surface,,,,,10815,10817,349,10467
GmTag225,180767,1.000000,Transmission,Mk10,20,21:50:16 28-Jul-2019,21:58:58 28-Jul-2019,Dive,1,U,324.0,331.0,521,523,,
GmTag225,180767,1.000000,Transmission,Mk10,20,21:58:58 28-Jul-2019,22:02:22 28-Jul-2019,Surface,,,,,203,205,59,145
GmTag225,180767,1.000000,Transmission,Mk10,15,22:02:00 28-Jul-2019,00:08:08 29-Jul-2019,Message,10,,,,7558.000000,7578.000000,,
GmTag225,180767,1.000000,Transmission,Mk10,15,22:02:00 28-Jul-2019,22:12:08 28-Jul-2019,Dive,1,U,292.0,299.0,607,609,,
GmTag225,180767,1.000000,Transmission,Mk10,15,22:12:08 28-Jul-2019,22:13:42 28-Jul-2019,Surface,,,,,93,95,21,73
GmTag225,180767,1.000000,Transmission,Mk10,15,22:13:42 28-Jul-2019,22:20:58 28-Jul-2019,Dive,1,V,428.0,435.0,435,437,,
GmTag225,180767,1.000000,Transmission,Mk10,15,22:20:58 28-Jul-2019,22:28:18 28-Jul-2019,Surface,,,,,439,441,57,383
GmTag225,180767,1.000000,Transmission,Mk10,15,22:28:18 28-Jul-2019,22:38:32 28-Jul-2019,Dive,1,Square,252.0,259.0,613,615,,
GmTag225,180767,1.000000,Transmission,Mk10,15,22:38:32 28-Jul-2019,23:00:12 28-Jul-2019,Surface,,,,,1299,1301,84,1216
GmTag225,180767,1.000000,Transmission,Mk10,15,23:00:12 28-Jul-2019,23:09:20 28-Jul-2019,Dive,1,U,308.0,315.0,547,549,,
GmTag225,180767,1.000000,Transmission,Mk10,15,23:09:20 28-Jul-2019,23:55:50 28-Jul-2019,Surface,,,,,2789,2791,180,2610
GmTag225,180767,1.000000,Transmission,Mk10,15,23:55:50 28-Jul-2019,00:04:56 29-Jul-2019,Dive,1,U,268.0,275.0,545,547,,
GmTag225,180767,1.000000,Transmission,Mk10,15,00:04:56 29-Jul-2019,00:08:08 29-Jul-2019,Surface,,,,,191,193,31,161
GmTag225,180767,1.000000,Transmission,Mk10,6,00:08:00 29-Jul-2019,03:06:50 29-Jul-2019,Message,9,,,,10721.000000,10739.000000,,
GmTag225,180767,1.000000,Transmission,Mk10,6,00:08:00 29-Jul-2019,00:17:00 29-Jul-2019,Dive,1,Square,252.0,259.0,539,541,,
GmTag225,180767,1.000000,Transmission,Mk10,6,00:17:00 29-Jul-2019,00:56:42 29-Jul-2019,Surface,,,,,2381,2383,154,2228
GmTag225,180767,1.000000,Transmission,Mk10,6,00:56:42 29-Jul-2019,01:06:52 29-Jul-2019,Dive,1,U,372.0,379.0,609,611,,
GmTag225,180767,1.000000,Transmission,Mk10,6,01:06:52 29-Jul-2019,02:16:36 29-Jul-2019,Surface,,,,,4183,4185,135,4049
GmTag225,180767,1.000000,Transmission,Mk10,6,02:16:36 29-Jul-2019,02:20:12 29-Jul-2019,Dive,1,U,81.0,82.0,215,217,,
GmTag225,180767,1.000000,Transmission,Mk10,6,02:20:12 29-Jul-2019,02:26:32 29-Jul-2019,Surface,,,,,379,381,25,355
GmTag225,180767,1.000000,Transmission,Mk10,6,02:26:32 29-Jul-2019,02:40:24 29-Jul-2019,Dive,1,U,552.0,567.0,831,833,,
GmTag225,180767,1.000000,Transmission,Mk10,6,02:40:24 29-Jul-2019,02:56:06 29-Jul-2019,Surface,,,,,941,943,91,851
GmTag225,180767,1.000000,Transmission,Mk10,6,02:56:06 29-Jul-2019,03:06:50 29-Jul-2019,Dive,1,V,420.0,427.0,643,645,,
GmTag225,180767,1.000000,Transmission,Mk10,10,03:07:00 29-Jul-2019,05:42:28 29-Jul-2019,Message,9,,,,9319.000000,9337.000000,,
GmTag225,180767,1.000000,Transmission,Mk10,10,03:07:00 29-Jul-2019,03:13:26 29-Jul-2019,Surface,,,,,385,387,62,324
GmTag225,180767,1.000000,Transmission,Mk10,10,03:13:26 29-Jul-2019,03:28:54 29-Jul-2019,Dive,1,U,520.0,535.0,927,929,,
GmTag225,180767,1.000000,Transmission,Mk10,10,03:28:54 29-Jul-2019,03:45:40 29-Jul-2019,Surface,,,,,1005,1007,65,941
GmTag225,180767,1.000000,Transmission,Mk10,10,03:45:40 29-Jul-2019,03:58:50 29-Jul-2019,Dive,1,Square,260.0,267.0,789,791,,
GmTag225,180767,1.000000,Transmission,Mk10,10,03:58:50 29-Jul-2019,04:48:24 29-Jul-2019,Surface,,,,,2973,2975,96,2878
GmTag225,180767,1.000000,Transmission,Mk10,10,04:48:24 29-Jul-2019,05:02:06 29-Jul-2019,Dive,1,U,520.0,535.0,821,823,,
GmTag225,180767,1.000000,Transmission,Mk10,10,05:02:06 29-Jul-2019,05:06:40 29-Jul-2019,Surface,,,,,273,275,53,221
GmTag225,180767,1.000000,Transmission,Mk10,10,05:06:40 29-Jul-2019,05:20:18 29-Jul-2019,Dive,1,U,520.0,535.0,817,819,,
GmTag225,180767,1.000000,Transmission,Mk10,10,05:20:18 29-Jul-2019,05:42:28 29-Jul-2019,Surface,,,,,1329,1331,86,1244
GmTag225,180767,1.000000,Transmission,Mk10,2,05:43:00 29-Jul-2019,08:00:40 29-Jul-2019,Message,9,,,,8251.000000,8269.000000,,
GmTag225,180767,1.000000,Transmission,Mk10,2,05:43:00 29-Jul-2019,05:53:32 29-Jul-2019,Dive,1,U,348.0,355.0,631,633,,
GmTag225,180767,1.000000,Transmission,Mk10,2,05:53:32 29-Jul-2019,06:12:24 29-Jul-2019,Surface,,,,,1131,1133,73,1059
GmTag225,180767,1.000000,Transmission,Mk10,2,06:12:24 29-Jul-2019,06:22:00 29-Jul-2019,Dive,1,U,244.0,251.0,575,577,,
GmTag225,180767,1.000000,Transmission,Mk10,2,06:22:00 29-Jul-2019,06:41:40 29-Jul-2019,Surface,,,,,1179,1181,76,1104
GmTag225,180767,1.000000,Transmission,Mk10,2,06:41:40 29-Jul-2019,06:50:58 29-Jul-2019,Dive,1,V,372.0,379.0,557,559,,
GmTag225,180767,1.000000,Transmission,Mk10,2,06:50:58 29-Jul-2019,07:07:20 29-Jul-2019,Surface,,,,,981,983,127,855
GmTag225,180767,1.000000,Transmission,Mk10,2,07:07:20 29-Jul-2019,07:12:06 29-Jul-2019,Dive,1,U,126.0,129.0,285,287,,
GmTag225,180767,1.000000,Transmission,Mk10,2,07:12:06 29-Jul-2019,07:49:22 29-Jul-2019,Surface,,,,,2235,2237,216,2020
GmTag225,180767,1.000000,Transmission,Mk10,2,07:49:22 29-Jul-2019,08:00:40 29-Jul-2019,Dive,1,U,520.0,535.0,677,679,,
GmTag225,180767,1.000000,Transmission,Mk10,5,08:00:00 29-Jul-2019,12:54:12 29-Jul-2019,Message,10,,,,17642.000000,17662.000000,,
GmTag225,180767,1.000000,Transmission,Mk10,5,08:00:00 29-Jul-2019,08:06:38 29-Jul-2019,Surface,,,,,397,399,64,334
GmTag225,180767,1.000000,Transmission,Mk10,5,08:06:38 29-Jul-2019,08:19:42 29-Jul-2019,Dive,1,U,436.0,443.0,783,785,,
GmTag225,180767,1.000000,Transmission,Mk10,5,08:19:42 29-Jul-2019,08:26:28 29-Jul-2019,Surface,,,,,405,407,65,341
GmTag225,180767,1.000000,Transmission,Mk10,5,08:26:28 29-Jul-2019,08:38:26 29-Jul-2019,Dive,1,U,412.0,419.0,717,719,,
GmTag225,180767,1.000000,Transmission,Mk10,5,08:38:26 29-Jul-2019,08:46:50 29-Jul-2019,Surface,,,,,503,505,65,439
GmTag225,180767,1.000000,Transmission,Mk10,5,08:46:50 29-Jul-2019,08:58:24 29-Jul-2019,Dive,1,V,452.0,459.0,693,695,,
GmTag225,180767,1.000000,Transmission,Mk10,5,08:58:24 29-Jul-2019,09:05:04 29-Jul-2019,Surface,,,,,399,401,65,335
GmTag225,180767,1.000000,Transmission,Mk10,5,09:05:04 29-Jul-2019,09:16:06 29-Jul-2019,Dive,1,U,396.0,403.0,661,663,,
GmTag225,180767,1.000000,Transmission,Mk10,5,09:16:06 29-Jul-2019,12:39:24 29-Jul-2019,Surface,,,,,12197,12199,393,11805
GmTag225,180767,1.000000,Transmission,Mk10,5,12:39:24 29-Jul-2019,12:54:12 29-Jul-2019,Dive,1,U,520.0,535.0,887,889,,
GmTag225,180767,1.000000,Transmission,Mk10,3,12:54:00 29-Jul-2019,14:42:16 29-Jul-2019,Message,10,,,,6486.000000,6506.000000,,
GmTag225,180767,1.000000,Transmission,Mk10,3,12:54:00 29-Jul-2019,12:58:16 29-Jul-2019,Surface,,,,,255,257,41,215
GmTag225,180767,1.000000,Transmission,Mk10,3,12:58:16 29-Jul-2019,13:13:44 29-Jul-2019,Dive,1,Square,388.0,395.0,927,929,,
GmTag225,180767,1.000000,Transmission,Mk10,3,13:13:44 29-Jul-2019,13:17:36 29-Jul-2019,Surface,,,,,231,233,37,195
GmTag225,180767,1.000000,Transmission,Mk10,3,13:17:36 29-Jul-2019,13:33:46 29-Jul-2019,Dive,1,U,552.0,567.0,969,971,,
GmTag225,180767,1.000000,Transmission,Mk10,3,13:33:46 29-Jul-2019,13:39:24 29-Jul-2019,Surface,,,,,337,339,44,294
GmTag225,180767,1.000000,Transmission,Mk10,3,13:39:24 29-Jul-2019,13:54:18 29-Jul-2019,Dive,1,U,552.0,567.0,893,895,,
GmTag225,180767,1.000000,Transmission,Mk10,3,13:54:18 29-Jul-2019,14:10:50 29-Jul-2019,Surface,,,,,991,993,64,928
GmTag225,180767,1.000000,Transmission,Mk10,3,14:10:50 29-Jul-2019,14:25:18 29-Jul-2019,Dive,1,Square,388.0,395.0,867,869,,
GmTag225,180767,1.000000,Transmission,Mk10,3,14:25:18 29-Jul-2019,14:29:24 29-Jul-2019,Surface,,,,,245,247,63,183
GmTag225,180767,1.000000,Transmission,Mk10,3,14:29:24 29-Jul-2019,14:42:16 29-Jul-2019,Dive,1,U,552.0,567.0,771,773,,
GmTag225,180767,1.000000,Transmission,Mk10,7,16:53:00 29-Jul-2019,22:02:56 29-Jul-2019,Message,10,,,,18586.000000,18606.000000,,
GmTag225,180767,1.000000,Transmission,Mk10,7,16:53:00 29-Jul-2019,17:00:32 29-Jul-2019,Surface,,,,,451,453,29,423
GmTag225,180767,1.000000,Transmission,Mk10,7,17:00:32 29-Jul-2019,17:12:24 29-Jul-2019,Dive,1,U,460.0,467.0,711,713,,
GmTag225,180767,1.000000,Transmission,Mk10,7,17:12:24 29-Jul-2019,18:40:30 29-Jul-2019,Surface,,,,,5285,5287,341,4945
GmTag225,180767,1.000000,Transmission,Mk10,7,18:40:30 29-Jul-2019,18:48:20 29-Jul-2019,Dive,1,V,105.0,106.0,469,471,,
GmTag225,180767,1.000000,Transmission,Mk10,7,18:48:20 29-Jul-2019,21:12:28 29-Jul-2019,Surface,,,,,8647,8649,279,8369
GmTag225,180767,1.000000,Transmission,Mk10,7,21:12:28 29-Jul-2019,21:26:06 29-Jul-2019,Dive,1,U,436.0,443.0,817,819,,
GmTag225,180767,1.000000,Transmission,Mk10,7,21:26:06 29-Jul-2019,21:31:46 29-Jul-2019,Surface,,,,,339,341,55,285
GmTag225,180767,1.000000,Transmission,Mk10,7,21:31:46 29-Jul-2019,21:45:42 29-Jul-2019,Dive,1,U,552.0,567.0,835,837,,
GmTag225,180767,1.000000,Transmission,Mk10,7,21:45:42 29-Jul-2019,21:50:14 29-Jul-2019,Surface,,,,,271,273,70,202
GmTag225,180767,1.000000,Transmission,Mk10,7,21:50:14 29-Jul-2019,22:02:56 29-Jul-2019,Dive,1,U,584.0,599.0,761,763,,
GmTag225,180767,1.000000,Transmission,Mk10,2,22:03:00 29-Jul-2019,23:49:02 29-Jul-2019,Message,10,,,,6352.000000,6372.000000,,
GmTag225,180767,1.000000,Transmission,Mk10,2,22:03:00 29-Jul-2019,22:07:20 29-Jul-2019,Surface,,,,,259,261,50,210
GmTag225,180767,1.000000,Transmission,Mk10,2,22:07:20 29-Jul-2019,22:21:30 29-Jul-2019,Dive,1,U,536.0,551.0,849,851,,
GmTag225,180767,1.000000,Transmission,Mk10,2,22:21:30 29-Jul-2019,22:26:28 29-Jul-2019,Surface,,,,,297,299,48,250
GmTag225,180767,1.000000,Transmission,Mk10,2,22:26:28 29-Jul-2019,22:40:26 29-Jul-2019,Dive,1,U,568.0,583.0,837,839,,
GmTag225,180767,1.000000,Transmission,Mk10,2,22:40:26 29-Jul-2019,22:48:40 29-Jul-2019,Surface,,,,,493,495,48,446
GmTag225,180767,1.000000,Transmission,Mk10,2,22:48:40 29-Jul-2019,23:02:38 29-Jul-2019,Dive,1,U,584.0,599.0,837,839,,
GmTag225,180767,1.000000,Transmission,Mk10,2,23:02:38 29-Jul-2019,23:06:46 29-Jul-2019,Surface,,,,,247,249,48,200
GmTag225,180767,1.000000,Transmission,Mk10,2,23:06:46 29-Jul-2019,23:20:02 29-Jul-2019,Dive,1,U,468.0,475.0,795,797,,
GmTag225,180767,1.000000,Transmission,Mk10,2,23:20:02 29-Jul-2019,23:36:46 29-Jul-2019,Surface,,,,,1003,1005,97,907
GmTag225,180767,1.000000,Transmission,Mk10,2,23:36:46 29-Jul-2019,23:49:02 29-Jul-2019,Dive,1,U,388.0,395.0,735,737,,
GmTag225,180767,1.000000,Transmission,Mk10,3,23:48:00 29-Jul-2019,01:12:54 30-Jul-2019,Message,10,,,,5084.000000,5104.000000,,
GmTag225,180767,1.000000,Transmission,Mk10,3,23:48:00 29-Jul-2019,23:54:20 29-Jul-2019,Surface,,,,,379,381,49,331
GmTag225,180767,1.000000,Transmission,Mk10,3,23:54:20 29-Jul-2019,00:08:28 30-Jul-2019,Dive,1,U,396.0,403.0,847,849,,
GmTag225,180767,1.000000,Transmission,Mk10,3,00:08:28 30-Jul-2019,00:14:54 30-Jul-2019,Surface,,,,,385,387,37,349
GmTag225,180767,1.000000,Transmission,Mk10,3,00:14:54 30-Jul-2019,00:26:38 30-Jul-2019,Dive,1,U,476.0,483.0,703,705,,
GmTag225,180767,1.000000,Transmission,Mk10,3,00:26:38 30-Jul-2019,00:34:10 30-Jul-2019,Surface,,,,,451,453,58,394
GmTag225,180767,1.000000,Transmission,Mk10,3,00:34:10 30-Jul-2019,00:47:08 30-Jul-2019,Dive,1,U,460.0,467.0,777,779,,
GmTag225,180767,1.000000,Transmission,Mk10,3,00:47:08 30-Jul-2019,00:49:54 30-Jul-2019,Surface,,,,,165,167,27,139
GmTag225,180767,1.000000,Transmission,Mk10,3,00:49:54 30-Jul-2019,01:01:08 30-Jul-2019,Dive,1,Square,93.0,94.0,673,675,,
GmTag225,180767,1.000000,Transmission,Mk10,3,01:01:08 30-Jul-2019,01:02:36 30-Jul-2019,Surface,,,,,87,89,11,77
GmTag225,180767,1.000000,Transmission,Mk10,3,01:02:36 30-Jul-2019,01:12:54 30-Jul-2019,Dive,1,V,101.0,102.0,617,619,,
GmTag225,180767,1.000000,Transmission,Mk10,1,01:13:00 30-Jul-2019,03:12:34 30-Jul-2019,Message,10,,,,7164.000000,7184.000000,,
GmTag225,180767,1.000000,Transmission,Mk10,1,01:13:00 30-Jul-2019,01:27:08 30-Jul-2019,Surface,,,,,847,849,55,793
GmTag225,180767,1.000000,Transmission,Mk10,1,01:27:08 30-Jul-2019,01:35:42 30-Jul-2019,Dive,1,U,75.0,76.0,513,515,,
GmTag225,180767,1.000000,Transmission,Mk10,1,01:35:42 30-Jul-2019,01:42:10 30-Jul-2019,Surface,,,,,387,389,38,350
GmTag225,180767,1.000000,Transmission,Mk10,1,01:42:10 30-Jul-2019,01:49:32 30-Jul-2019,Dive,1,U,83.0,84.0,441,443,,
GmTag225,180767,1.000000,Transmission,Mk10,1,01:49:32 30-Jul-2019,02:03:36 30-Jul-2019,Surface,,,,,843,845,27,817
GmTag225,180767,1.000000,Transmission,Mk10,1,02:03:36 30-Jul-2019,02:08:46 30-Jul-2019,Dive,1,U,75.0,76.0,309,311,,
GmTag225,180767,1.000000,Transmission,Mk10,1,02:08:46 30-Jul-2019,02:46:26 30-Jul-2019,Surface,,,,,2259,2261,146,2114
GmTag225,180767,1.000000,Transmission,Mk10,1,02:46:26 30-Jul-2019,02:51:14 30-Jul-2019,Dive,1,V,114.0,117.0,287,289,,
GmTag225,180767,1.000000,Transmission,Mk10,1,02:51:14 30-Jul-2019,03:06:56 30-Jul-2019,Surface,,,,,941,943,61,881
GmTag225,180767,1.000000,Transmission,Mk10,1,03:06:56 30-Jul-2019,03:12:34 30-Jul-2019,Dive,1,U,77.0,78.0,337,339,,
GmTag225,180767,1.000000,Transmission,Mk10,6,03:13:00 30-Jul-2019,05:30:28 30-Jul-2019,Message,10,,,,8238.000000,8258.000000,,
GmTag225,180767,1.000000,Transmission,Mk10,6,03:13:00 30-Jul-2019,03:51:56 30-Jul-2019,Surface,,,,,2335,2337,151,2185
GmTag225,180767,1.000000,Transmission,Mk10,6,03:51:56 30-Jul-2019,04:01:04 30-Jul-2019,Dive,1,U,154.0,157.0,547,549,,
GmTag225,180767,1.000000,Transmission,Mk10,6,04:01:04 30-Jul-2019,04:19:12 30-Jul-2019,Surface,,,,,1087,1089,70,1018
GmTag225,180767,1.000000,Transmission,Mk10,6,04:19:12 30-Jul-2019,04:34:20 30-Jul-2019,Dive,1,U,428.0,435.0,907,909,,
GmTag225,180767,1.000000,Transmission,Mk10,6,04:34:20 30-Jul-2019,04:40:22 30-Jul-2019,Surface,,,,,361,363,58,304
GmTag225,180767,1.000000,Transmission,Mk10,6,04:40:22 30-Jul-2019,04:54:28 30-Jul-2019,Dive,1,Square,364.0,371.0,845,847,,
GmTag225,180767,1.000000,Transmission,Mk10,6,04:54:28 30-Jul-2019,04:59:48 30-Jul-2019,Surface,,,,,319,321,41,279
GmTag225,180767,1.000000,Transmission,Mk10,6,04:59:48 30-Jul-2019,05:11:02 30-Jul-2019,Dive,1,U,340.0,347.0,673,675,,
GmTag225,180767,1.000000,Transmission,Mk10,6,05:11:02 30-Jul-2019,05:15:08 30-Jul-2019,Surface,,,,,245,247,32,214
GmTag225,180767,1.000000,Transmission,Mk10,6,05:15:08 30-Jul-2019,05:30:28 30-Jul-2019,Dive,1,Square,340.0,347.0,919,921,,
GmTag225,180767,1.000000,Transmission,Mk10,1,07:09:00 30-Jul-2019,08:58:20 30-Jul-2019,Message,10,,,,6550.000000,6570.000000,,
GmTag225,180767,1.000000,Transmission,Mk10,1,07:09:00 30-Jul-2019,07:21:48 30-Jul-2019,Surface,,,,,767,769,74,694
GmTag225,180767,1.000000,Transmission,Mk10,1,07:21:48 30-Jul-2019,07:34:34 30-Jul-2019,Dive,1,U,664.0,679.0,765,767,,
GmTag225,180767,1.000000,Transmission,Mk10,1,07:34:34 30-Jul-2019,07:38:58 30-Jul-2019,Surface,,,,,263,265,34,230
GmTag225,180767,1.000000,Transmission,Mk10,1,07:38:58 30-Jul-2019,07:52:42 30-Jul-2019,Dive,1,U,632.0,647.0,823,825,,
GmTag225,180767,1.000000,Transmission,Mk10,1,07:52:42 30-Jul-2019,08:02:22 30-Jul-2019,Surface,,,,,579,581,56,524
GmTag225,180767,1.000000,Transmission,Mk10,1,08:02:22 30-Jul-2019,08:15:50 30-Jul-2019,Dive,1,U,552.0,567.0,807,809,,
GmTag225,180767,1.000000,Transmission,Mk10,1,08:15:50 30-Jul-2019,08:23:42 30-Jul-2019,Surface,,,,,471,473,61,411
GmTag225,180767,1.000000,Transmission,Mk10,1,08:23:42 30-Jul-2019,08:36:56 30-Jul-2019,Dive,1,U,648.0,663.0,793,795,,
GmTag225,180767,1.000000,Transmission,Mk10,1,08:36:56 30-Jul-2019,08:44:26 30-Jul-2019,Surface,,,,,449,451,58,392
GmTag225,180767,1.000000,Transmission,Mk10,1,08:44:26 30-Jul-2019,08:58:20 30-Jul-2019,Dive,1,U,568.0,583.0,833,835,,
GmTag225,180767,1.000000,Transmission,Mk10,1,08:59:00 30-Jul-2019,11:31:16 30-Jul-2019,Message,9,,,,9127.000000,9145.000000,,
GmTag225,180767,1.000000,Transmission,Mk10,1,08:59:00 30-Jul-2019,09:10:04 30-Jul-2019,Surface,,,,,663,665,43,621
GmTag225,180767,1.000000,Transmission,Mk10,1,09:10:04 30-Jul-2019,09:24:12 30-Jul-2019,Dive,1,V,696.0,711.0,847,849,,
GmTag225,180767,1.000000,Transmission,Mk10,1,09:24:12 30-Jul-2019,09:40:10 30-Jul-2019,Surface,,,,,957,959,62,896
GmTag225,180767,1.000000,Transmission,Mk10,1,09:40:10 30-Jul-2019,09:49:44 30-Jul-2019,Dive,1,U,276.0,283.0,573,575,,
GmTag225,180767,1.000000,Transmission,Mk10,1,09:49:44 30-Jul-2019,10:00:40 30-Jul-2019,Surface,,,,,655,657,42,614
GmTag225,180767,1.000000,Transmission,Mk10,1,10:00:40 30-Jul-2019,10:11:10 30-Jul-2019,Dive,1,U,396.0,403.0,629,631,,
GmTag225,180767,1.000000,Transmission,Mk10,1,10:11:10 30-Jul-2019,10:22:18 30-Jul-2019,Surface,,,,,667,669,43,625
GmTag225,180767,1.000000,Transmission,Mk10,1,10:22:18 30-Jul-2019,10:30:26 30-Jul-2019,Dive,1,U,348.0,355.0,487,489,,
GmTag225,180767,1.000000,Transmission,Mk10,1,10:30:26 30-Jul-2019,11:31:16 30-Jul-2019,Surface,,,,,3649,3651,118,3532
GmTag225,180767,1.000000,Transmission,Mk10,1,11:31:00 30-Jul-2019,17:16:02 30-Jul-2019,Message,10,,,,20692.000000,20712.000000,,
GmTag225,180767,1.000000,Transmission,Mk10,1,11:31:00 30-Jul-2019,11:37:08 30-Jul-2019,Dive,1,U,126.0,129.0,367,369,,
GmTag225,180767,1.000000,Transmission,Mk10,1,11:37:08 30-Jul-2019,13:00:52 30-Jul-2019,Surface,,,,,5023,5025,162,4862
GmTag225,180767,1.000000,Transmission,Mk10,1,13:00:52 30-Jul-2019,13:13:54 30-Jul-2019,Dive,1,U,968.0,983.0,781,783,,
GmTag225,180767,1.000000,Transmission,Mk10,1,13:13:54 30-Jul-2019,13:44:32 30-Jul-2019,Surface,,,,,1837,1839,119,1719
GmTag225,180767,1.000000,Transmission,Mk10,1,13:44:32 30-Jul-2019,13:49:16 30-Jul-2019,Dive,1,V,95.0,96.0,283,285,,
GmTag225,180767,1.000000,Transmission,Mk10,1,13:49:16 30-Jul-2019,16:47:48 30-Jul-2019,Surface,,,,,10711,10713,346,10366
GmTag225,180767,1.000000,Transmission,Mk10,1,16:47:48 30-Jul-2019,16:56:44 30-Jul-2019,Dive,1,U,404.0,411.0,535,537,,
GmTag225,180767,1.000000,Transmission,Mk10,1,16:56:44 30-Jul-2019,17:06:28 30-Jul-2019,Surface,,,,,583,585,57,527
GmTag225,180767,1.000000,Transmission,Mk10,1,17:06:28 30-Jul-2019,17:12:28 30-Jul-2019,Dive,1,U,162.0,165.0,359,361,,
GmTag225,180767,1.000000,Transmission,Mk10,1,17:12:28 30-Jul-2019,17:16:02 30-Jul-2019,Surface,,,,,213,215,14,200
GmTag225,180767,1.000000,Transmission,Mk10,2,17:16:00 30-Jul-2019,19:26:34 30-Jul-2019,Message,10,,,,7824.000000,7844.000000,,
GmTag225,180767,1.000000,Transmission,Mk10,2,17:16:00 30-Jul-2019,17:26:18 30-Jul-2019,Dive,1,U,552.0,567.0,617,619,,
GmTag225,180767,1.000000,Transmission,Mk10,2,17:26:18 30-Jul-2019,17:38:58 30-Jul-2019,Surface,,,,,759,761,49,711
GmTag225,180767,1.000000,Transmission,Mk10,2,17:38:58 30-Jul-2019,17:45:50 30-Jul-2019,Dive,1,U,284.0,291.0,411,413,,
GmTag225,180767,1.000000,Transmission,Mk10,2,17:45:50 30-Jul-2019,17:49:50 30-Jul-2019,Surface,,,,,239,241,23,217
GmTag225,180767,1.000000,Transmission,Mk10,2,17:49:50 30-Jul-2019,18:05:44 30-Jul-2019,Dive,1,Square,536.0,551.0,953,955,,
GmTag225,180767,1.000000,Transmission,Mk10,2,18:05:44 30-Jul-2019,18:10:36 30-Jul-2019,Surface,,,,,291,293,47,245
GmTag225,180767,1.000000,Transmission,Mk10,2,18:10:36 30-Jul-2019,18:18:44 30-Jul-2019,Dive,1,U,468.0,475.0,487,489,,
GmTag225,180767,1.000000,Transmission,Mk10,2,18:18:44 30-Jul-2019,18:20:42 30-Jul-2019,Surface,,,,,117,119,19,99
GmTag225,180767,1.000000,Transmission,Mk10,2,18:20:42 30-Jul-2019,18:29:28 30-Jul-2019,Dive,1,U,412.0,419.0,525,527,,
GmTag225,180767,1.000000,Transmission,Mk10,2,18:29:28 30-Jul-2019,19:26:34 30-Jul-2019,Surface,,,,,3425,3427,221,3205
GmTag225,180767,1.000000,Transmission,Mk10,1,19:26:00 30-Jul-2019,22:27:32 30-Jul-2019,Message,10,,,,10882.000000,10902.000000,,
GmTag225,180767,1.000000,Transmission,Mk10,1,19:26:00 30-Jul-2019,19:35:18 30-Jul-2019,Dive,1,V,364.0,371.0,557,559,,
GmTag225,180767,1.000000,Transmission,Mk10,1,19:35:18 30-Jul-2019,19:51:28 30-Jul-2019,Surface,,,,,969,971,94,876
GmTag225,180767,1.000000,Transmission,Mk10,1,19:51:28 30-Jul-2019,19:54:30 30-Jul-2019,Dive,1,V,97.0,98.0,181,183,,
GmTag225,180767,1.000000,Transmission,Mk10,1,19:54:30 30-Jul-2019,21:39:04 30-Jul-2019,Surface,,,,,6273,6275,202,6072
GmTag225,180767,1.000000,Transmission,Mk10,1,21:39:04 30-Jul-2019,21:47:20 30-Jul-2019,Dive,1,Square,348.0,355.0,495,497,,
GmTag225,180767,1.000000,Transmission,Mk10,1,21:47:20 30-Jul-2019,21:51:06 30-Jul-2019,Surface,,,,,225,227,36,190
GmTag225,180767,1.000000,Transmission,Mk10,1,21:51:06 30-Jul-2019,21:59:04 30-Jul-2019,Dive,1,U,380.0,387.0,477,479,,
GmTag225,180767,1.000000,Transmission,Mk10,1,21:59:04 30-Jul-2019,22:09:00 30-Jul-2019,Surface,,,,,595,597,38,558
GmTag225,180767,1.000000,Transmission,Mk10,1,22:09:00 30-Jul-2019,22:23:28 30-Jul-2019,Dive,1,U,504.0,519.0,867,869,,
GmTag225,180767,1.000000,Transmission,Mk10,1,22:23:28 30-Jul-2019,22:27:32 30-Jul-2019,Surface,,,,,243,245,31,213
GmTag225,180767,1.000000,Transmission,Mk10,4,22:28:00 30-Jul-2019,00:11:36 31-Jul-2019,Message,10,,,,6206.000000,6226.000000,,
GmTag225,180767,1.000000,Transmission,Mk10,4,22:28:00 30-Jul-2019,22:39:02 30-Jul-2019,Dive,1,U,396.0,403.0,661,663,,
GmTag225,180767,1.000000,Transmission,Mk10,4,22:39:02 30-Jul-2019,22:43:06 30-Jul-2019,Surface,,,,,243,245,31,213
GmTag225,180767,1.000000,Transmission,Mk10,4,22:43:06 30-Jul-2019,22:56:10 30-Jul-2019,Dive,1,U,632.0,647.0,783,785,,
GmTag225,180767,1.000000,Transmission,Mk10,4,22:56:10 30-Jul-2019,23:05:08 30-Jul-2019,Surface,,,,,537,539,52,486
GmTag225,180767,1.000000,Transmission,Mk10,4,23:05:08 30-Jul-2019,23:11:46 30-Jul-2019,Dive,1,U,130.0,133.0,397,399,,
GmTag225,180767,1.000000,Transmission,Mk10,4,23:11:46 30-Jul-2019,23:26:50 30-Jul-2019,Surface,,,,,903,905,29,875
GmTag225,180767,1.000000,Transmission,Mk10,4,23:26:50 30-Jul-2019,23:32:54 30-Jul-2019,Dive,1,V,93.0,94.0,363,365,,
GmTag225,180767,1.000000,Transmission,Mk10,4,23:32:54 30-Jul-2019,23:48:18 30-Jul-2019,Surface,,,,,923,925,60,864
GmTag225,180767,1.000000,Transmission,Mk10,4,23:48:18 30-Jul-2019,00:02:50 31-Jul-2019,Dive,1,Square,504.0,519.0,871,873,,
GmTag225,180767,1.000000,Transmission,Mk10,4,00:02:50 31-Jul-2019,00:11:36 31-Jul-2019,Surface,,,,,525,527,34,492
GmTag225,180767,1.000000,Transmission,Mk10,2,00:11:00 31-Jul-2019,01:34:00 31-Jul-2019,Message,10,,,,4970.000000,4990.000000,,
GmTag225,180767,1.000000,Transmission,Mk10,2,00:11:00 31-Jul-2019,00:21:54 31-Jul-2019,Dive,1,U,420.0,427.0,653,655,,
GmTag225,180767,1.000000,Transmission,Mk10,2,00:21:54 31-Jul-2019,00:26:18 31-Jul-2019,Surface,,,,,263,265,17,247
GmTag225,180767,1.000000,Transmission,Mk10,2,00:26:18 31-Jul-2019,00:35:28 31-Jul-2019,Dive,1,U,444.0,451.0,549,551,,
GmTag225,180767,1.000000,Transmission,Mk10,2,00:35:28 31-Jul-2019,00:39:50 31-Jul-2019,Surface,,,,,261,263,25,237
GmTag225,180767,1.000000,Transmission,Mk10,2,00:39:50 31-Jul-2019,00:53:04 31-Jul-2019,Dive,1,U,412.0,419.0,793,795,,
GmTag225,180767,1.000000,Transmission,Mk10,2,00:53:04 31-Jul-2019,00:58:34 31-Jul-2019,Surface,,,,,329,331,32,298
GmTag225,180767,1.000000,Transmission,Mk10,2,00:58:34 31-Jul-2019,01:09:40 31-Jul-2019,Dive,1,U,536.0,551.0,665,667,,
GmTag225,180767,1.000000,Transmission,Mk10,2,01:09:40 31-Jul-2019,01:23:42 31-Jul-2019,Surface,,,,,841,843,54,788
GmTag225,180767,1.000000,Transmission,Mk10,2,01:23:42 31-Jul-2019,01:30:38 31-Jul-2019,Dive,1,U,356.0,363.0,415,417,,
GmTag225,180767,1.000000,Transmission,Mk10,2,01:30:38 31-Jul-2019,01:34:00 31-Jul-2019,Surface,,,,,201,203,26,176
GmTag225,180767,1.000000,Transmission,Mk10,5,01:34:00 31-Jul-2019,02:28:20 31-Jul-2019,Message,10,,,,3250.000000,3270.000000,,
GmTag225,180767,1.000000,Transmission,Mk10,5,01:34:00 31-Jul-2019,01:40:30 31-Jul-2019,Dive,1,U,372.0,379.0,389,391,,
GmTag225,180767,1.000000,Transmission,Mk10,5,01:40:30 31-Jul-2019,01:43:46 31-Jul-2019,Surface,,,,,195,197,25,171
GmTag225,180767,1.000000,Transmission,Mk10,5,01:43:46 31-Jul-2019,01:51:28 31-Jul-2019,Dive,1,V,356.0,363.0,461,463,,
GmTag225,180767,1.000000,Transmission,Mk10,5,01:51:28 31-Jul-2019,01:54:18 31-Jul-2019,Surface,,,,,169,171,27,143
GmTag225,180767,1.000000,Transmission,Mk10,5,01:54:18 31-Jul-2019,02:01:04 31-Jul-2019,Dive,1,U,300.0,307.0,405,407,,
GmTag225,180767,1.000000,Transmission,Mk10,5,02:01:04 31-Jul-2019,02:05:54 31-Jul-2019,Surface,,,,,289,291,28,262
GmTag225,180767,1.000000,Transmission,Mk10,5,02:05:54 31-Jul-2019,02:15:10 31-Jul-2019,Dive,1,V,412.0,419.0,555,557,,
GmTag225,180767,1.000000,Transmission,Mk10,5,02:15:10 31-Jul-2019,02:18:30 31-Jul-2019,Surface,,,,,199,201,26,174
GmTag225,180767,1.000000,Transmission,Mk10,5,02:18:30 31-Jul-2019,02:24:46 31-Jul-2019,Dive,1,U,356.0,363.0,375,377,,
GmTag225,180767,1.000000,Transmission,Mk10,5,02:24:46 31-Jul-2019,02:28:20 31-Jul-2019,Surface,,,,,213,215,14,200
GmTag225,180767,1.000000,Transmission,Mk10,5,02:29:00 31-Jul-2019,06:39:56 31-Jul-2019,Message,10,,,,15046.000000,15066.000000,,
GmTag225,180767,1.000000,Transmission,Mk10,5,02:29:00 31-Jul-2019,02:35:48 31-Jul-2019,Dive,1,U,412.0,419.0,407,409,,
GmTag225,180767,1.000000,Transmission,Mk10,5,02:35:48 31-Jul-2019,02:40:32 31-Jul-2019,Surface,,,,,283,285,27,257
GmTag225,180767,1.000000,Transmission,Mk10,5,02:40:32 31-Jul-2019,02:48:10 31-Jul-2019,Dive,1,U,332.0,339.0,457,459,,
GmTag225,180767,1.000000,Transmission,Mk10,5,02:48:10 31-Jul-2019,02:50:56 31-Jul-2019,Surface,,,,,165,167,16,150
GmTag225,180767,1.000000,Transmission,Mk10,5,02:50:56 31-Jul-2019,02:58:22 31-Jul-2019,Dive,1,U,364.0,371.0,445,447,,
GmTag225,180767,1.000000,Transmission,Mk10,5,02:58:22 31-Jul-2019,03:30:34 31-Jul-2019,Surface,,,,,1931,1933,62,1870
GmTag225,180767,1.000000,Transmission,Mk10,5,03:30:34 31-Jul-2019,03:40:02 31-Jul-2019,Dive,1,U,412.0,419.0,567,569,,
GmTag225,180767,1.000000,Transmission,Mk10,5,03:40:02 31-Jul-2019,04:39:02 31-Jul-2019,Surface,,,,,3539,3541,114,3426
GmTag225,180767,1.000000,Transmission,Mk10,5,04:39:02 31-Jul-2019,04:44:00 31-Jul-2019,Dive,1,U,89.0,90.0,297,299,,
GmTag225,180767,1.000000,Transmission,Mk10,5,04:44:00 31-Jul-2019,06:39:56 31-Jul-2019,Surface,,,,,6955,6957,224,6732
GmTag225,180767,1.000000,Transmission,Mk10,3,06:39:00 31-Jul-2019,09:49:12 31-Jul-2019,Message,10,,,,11402.000000,11422.000000,,
GmTag225,180767,1.000000,Transmission,Mk10,3,06:39:00 31-Jul-2019,06:43:54 31-Jul-2019,Dive,1,U,89.0,90.0,293,295,,
GmTag225,180767,1.000000,Transmission,Mk10,3,06:43:54 31-Jul-2019,08:10:02 31-Jul-2019,Surface,,,,,5167,5169,167,5001
GmTag225,180767,1.000000,Transmission,Mk10,3,08:10:02 31-Jul-2019,08:14:58 31-Jul-2019,Dive,1,V,87.0,88.0,295,297,,
GmTag225,180767,1.000000,Transmission,Mk10,3,08:14:58 31-Jul-2019,08:24:14 31-Jul-2019,Surface,,,,,555,557,18,538
GmTag225,180767,1.000000,Transmission,Mk10,3,08:24:14 31-Jul-2019,08:28:20 31-Jul-2019,Dive,1,V,79.0,80.0,245,247,,
GmTag225,180767,1.000000,Transmission,Mk10,3,08:28:20 31-Jul-2019,09:16:46 31-Jul-2019,Surface,,,,,2905,2907,187,2719
GmTag225,180767,1.000000,Transmission,Mk10,3,09:16:46 31-Jul-2019,09:23:00 31-Jul-2019,Dive,1,U,87.0,88.0,373,375,,
GmTag225,180767,1.000000,Transmission,Mk10,3,09:23:00 31-Jul-2019,09:32:42 31-Jul-2019,Surface,,,,,581,583,38,544
GmTag225,180767,1.000000,Transmission,Mk10,3,09:32:42 31-Jul-2019,09:42:00 31-Jul-2019,Dive,1,U,218.0,221.0,557,559,,
GmTag225,180767,1.000000,Transmission,Mk10,3,09:42:00 31-Jul-2019,09:49:12 31-Jul-2019,Surface,,,,,431,433,42,390
GmTag225,180767,1.000000,Transmission,Mk10,3,09:50:00 31-Jul-2019,16:12:42 31-Jul-2019,Message,9,,,,22924.000000,23000.000000,,
GmTag225,180767,1.000000,Transmission,Mk10,3,09:50:00 31-Jul-2019,10:00:16 31-Jul-2019,Dive,1,U,372.0,379.0,615,617,,
GmTag225,180767,1.000000,Transmission,Mk10,3,10:00:16 31-Jul-2019,14:51:16 31-Jul-2019,Surface,,,,,17430,17490,563,16897
GmTag225,180767,1.000000,Transmission,Mk10,3,14:51:16 31-Jul-2019,15:04:46 31-Jul-2019,Dive,1,U,696.0,711.0,809,811,,
GmTag225,180767,1.000000,Transmission,Mk10,3,15:04:46 31-Jul-2019,15:17:36 31-Jul-2019,Surface,,,,,769,771,99,671
GmTag225,180767,1.000000,Transmission,Mk10,3,15:17:36 31-Jul-2019,15:31:22 31-Jul-2019,Dive,1,U,460.0,467.0,825,827,,
GmTag225,180767,1.000000,Transmission,Mk10,3,15:31:22 31-Jul-2019,15:35:14 31-Jul-2019,Surface,,,,,231,233,22,210
GmTag225,180767,1.000000,Transmission,Mk10,3,15:35:14 31-Jul-2019,15:45:22 31-Jul-2019,Dive,1,V,600.0,615.0,607,609,,
GmTag225,180767,1.000000,Transmission,Mk10,3,15:45:22 31-Jul-2019,15:57:30 31-Jul-2019,Surface,,,,,727,729,23,705
GmTag225,180767,1.000000,Transmission,Mk10,3,15:57:30 31-Jul-2019,16:12:42 31-Jul-2019,Dive,1,U,520.0,535.0,911,913,,
GmTag225,180767,1.000000,Transmission,Mk10,3,16:12:00 31-Jul-2019,20:40:38 31-Jul-2019,Message,9,,,,16109.000000,16127.000000,,
GmTag225,180767,1.000000,Transmission,Mk10,3,16:12:00 31-Jul-2019,17:06:24 31-Jul-2019,Surface,,,,,3263,3265,105,3159
GmTag225,180767,1.000000,Transmission,Mk10,3,17:06:24 31-Jul-2019,17:17:42 31-Jul-2019,Dive,1,U,552.0,567.0,677,679,,
GmTag225,180767,1.000000,Transmission,Mk10,3,17:17:42 31-Jul-2019,17:40:32 31-Jul-2019,Surface,,,,,1369,1371,88,1282
GmTag225,180767,1.000000,Transmission,Mk10,3,17:40:32 31-Jul-2019,17:43:34 31-Jul-2019,Dive,1,U,75.0,76.0,181,183,,
GmTag225,180767,1.000000,Transmission,Mk10,3,17:43:34 31-Jul-2019,19:57:58 31-Jul-2019,Surface,,,,,8063,8065,520,7544
GmTag225,180767,1.000000,Transmission,Mk10,3,19:57:58 31-Jul-2019,20:06:02 31-Jul-2019,Dive,1,U,380.0,387.0,483,485,,
GmTag225,180767,1.000000,Transmission,Mk10,3,20:06:02 31-Jul-2019,20:11:12 31-Jul-2019,Surface,,,,,309,311,40,270
GmTag225,180767,1.000000,Transmission,Mk10,3,20:11:12 31-Jul-2019,20:24:50 31-Jul-2019,Dive,1,U,520.0,535.0,817,819,,
GmTag225,180767,1.000000,Transmission,Mk10,3,20:24:50 31-Jul-2019,20:40:38 31-Jul-2019,Surface,,,,,947,949,92,856
GmTag225,180767,1.000000,Transmission,Mk10,3,20:49:00 31-Jul-2019,22:46:36 31-Jul-2019,Message,10,,,,7046.000000,7066.000000,,
GmTag225,180767,1.000000,Transmission,Mk10,3,20:49:00 31-Jul-2019,20:50:58 31-Jul-2019,Surface,,,,,117,119,15,103
GmTag225,180767,1.000000,Transmission,Mk10,3,20:50:58 31-Jul-2019,20:58:22 31-Jul-2019,Dive,1,U,356.0,363.0,443,445,,
GmTag225,180767,1.000000,Transmission,Mk10,3,20:58:22 31-Jul-2019,21:01:56 31-Jul-2019,Surface,,,,,213,215,21,193
GmTag225,180767,1.000000,Transmission,Mk10,3,21:01:56 31-Jul-2019,21:14:04 31-Jul-2019,Dive,1,Square,372.0,379.0,727,729,,
GmTag225,180767,1.000000,Transmission,Mk10,3,21:14:04 31-Jul-2019,21:41:38 31-Jul-2019,Surface,,,,,1653,1655,107,1547
GmTag225,180767,1.000000,Transmission,Mk10,3,21:41:38 31-Jul-2019,21:49:50 31-Jul-2019,Dive,1,V,162.0,165.0,491,493,,
GmTag225,180767,1.000000,Transmission,Mk10,3,21:49:50 31-Jul-2019,22:17:26 31-Jul-2019,Surface,,,,,1655,1657,107,1549
GmTag225,180767,1.000000,Transmission,Mk10,3,22:17:26 31-Jul-2019,22:22:34 31-Jul-2019,Dive,1,Square,87.0,88.0,307,309,,
GmTag225,180767,1.000000,Transmission,Mk10,3,22:22:34 31-Jul-2019,22:36:26 31-Jul-2019,Surface,,,,,831,833,54,778
GmTag225,180767,1.000000,Transmission,Mk10,3,22:36:26 31-Jul-2019,22:46:36 31-Jul-2019,Dive,1,U,492.0,503.0,609,611,,
GmTag225,180767,1.000000,Transmission,Mk10,9,22:47:00 31-Jul-2019,23:57:20 31-Jul-2019,Message,10,,,,4210.000000,4230.000000,,
GmTag225,180767,1.000000,Transmission,Mk10,9,22:47:00 31-Jul-2019,22:51:38 31-Jul-2019,Surface,,,,,277,279,27,251
GmTag225,180767,1.000000,Transmission,Mk10,9,22:51:38 31-Jul-2019,23:02:00 31-Jul-2019,Dive,1,U,404.0,411.0,621,623,,
GmTag225,180767,1.000000,Transmission,Mk10,9,23:02:00 31-Jul-2019,23:05:18 31-Jul-2019,Surface,,,,,197,199,19,179
GmTag225,180767,1.000000,Transmission,Mk10,9,23:05:18 31-Jul-2019,23:18:32 31-Jul-2019,Dive,1,V,536.0,551.0,793,795,,
GmTag225,180767,1.000000,Transmission,Mk10,9,23:18:32 31-Jul-2019,23:23:22 31-Jul-2019,Surface,,,,,289,291,28,262
GmTag225,180767,1.000000,Transmission,Mk10,9,23:23:22 31-Jul-2019,23:32:18 31-Jul-2019,Dive,1,U,396.0,403.0,535,537,,
GmTag225,180767,1.000000,Transmission,Mk10,9,23:32:18 31-Jul-2019,23:33:58 31-Jul-2019,Surface,,,,,99,101,19,81
GmTag225,180767,1.000000,Transmission,Mk10,9,23:33:58 31-Jul-2019,23:40:10 31-Jul-2019,Dive,1,U,364.0,371.0,371,373,,
GmTag225,180767,1.000000,Transmission,Mk10,9,23:40:10 31-Jul-2019,23:46:30 31-Jul-2019,Surface,,,,,379,381,37,343
GmTag225,180767,1.000000,Transmission,Mk10,9,23:46:30 31-Jul-2019,23:57:20 31-Jul-2019,Dive,1,U,396.0,403.0,649,651,,
GmTag225,180767,1.000000,Transmission,Mk10,7,23:57:00 31-Jul-2019,01:59:10 01-Aug-2019,Message,10,,,,7320.000000,7340.000000,,
GmTag225,180767,1.000000,Transmission,Mk10,7,23:57:00 31-Jul-2019,00:02:56 01-Aug-2019,Surface,,,,,355,357,23,333
GmTag225,180767,1.000000,Transmission,Mk10,7,00:02:56 01-Aug-2019,00:13:16 01-Aug-2019,Dive,1,U,404.0,411.0,619,621,,
GmTag225,180767,1.000000,Transmission,Mk10,7,00:13:16 01-Aug-2019,00:20:02 01-Aug-2019,Surface,,,,,405,407,26,380
GmTag225,180767,1.000000,Transmission,Mk10,7,00:20:02 01-Aug-2019,00:30:28 01-Aug-2019,Dive,1,U,372.0,379.0,625,627,,
GmTag225,180767,1.000000,Transmission,Mk10,7,00:30:28 01-Aug-2019,00:35:36 01-Aug-2019,Surface,,,,,307,309,20,288
GmTag225,180767,1.000000,Transmission,Mk10,7,00:35:36 01-Aug-2019,00:43:32 01-Aug-2019,Dive,1,U,206.0,209.0,475,477,,
GmTag225,180767,1.000000,Transmission,Mk10,7,00:43:32 01-Aug-2019,00:46:56 01-Aug-2019,Surface,,,,,203,205,13,191
GmTag225,180767,1.000000,Transmission,Mk10,7,00:46:56 01-Aug-2019,00:54:38 01-Aug-2019,Dive,1,U,101.0,102.0,461,463,,
GmTag225,180767,1.000000,Transmission,Mk10,7,00:54:38 01-Aug-2019,01:52:20 01-Aug-2019,Surface,,,,,3461,3463,112,3350
GmTag225,180767,1.000000,Transmission,Mk10,7,01:52:20 01-Aug-2019,01:59:10 01-Aug-2019,Dive,1,V,138.0,141.0,409,411,,
GmTag225,180767,1.000000,Transmission,Mk10,5,01:59:00 01-Aug-2019,06:52:06 01-Aug-2019,Message,9,,,,17577.000000,17595.000000,,
GmTag225,180767,1.000000,Transmission,Mk10,5,01:59:00 01-Aug-2019,02:52:48 01-Aug-2019,Surface,,,,,3227,3229,104,3124
GmTag225,180767,1.000000,Transmission,Mk10,5,02:52:48 01-Aug-2019,02:55:02 01-Aug-2019,Dive,1,V,79.0,80.0,133,135,,
GmTag225,180767,1.000000,Transmission,Mk10,5,02:55:02 01-Aug-2019,04:55:18 01-Aug-2019,Surface,,,,,7215,7217,233,6983
GmTag225,180767,1.000000,Transmission,Mk10,5,04:55:18 01-Aug-2019,05:05:56 01-Aug-2019,Dive,1,Square,284.0,291.0,637,639,,
GmTag225,180767,1.000000,Transmission,Mk10,5,05:05:56 01-Aug-2019,05:42:20 01-Aug-2019,Surface,,,,,2183,2185,141,2043
GmTag225,180767,1.000000,Transmission,Mk10,5,05:42:20 01-Aug-2019,05:46:32 01-Aug-2019,Dive,1,U,93.0,94.0,251,253,,
GmTag225,180767,1.000000,Transmission,Mk10,5,05:46:32 01-Aug-2019,06:37:06 01-Aug-2019,Surface,,,,,3033,3035,196,2838
GmTag225,180767,1.000000,Transmission,Mk10,5,06:37:06 01-Aug-2019,06:41:16 01-Aug-2019,Dive,1,U,81.0,82.0,249,251,,
GmTag225,180767,1.000000,Transmission,Mk10,5,06:41:16 01-Aug-2019,06:52:06 01-Aug-2019,Surface,,,,,649,651,42,608
GmTag225,180767,1.000000,Transmission,Mk10,4,06:52:00 01-Aug-2019,08:26:14 01-Aug-2019,Message,10,,,,5644.000000,5664.000000,,
GmTag225,180767,1.000000,Transmission,Mk10,4,06:52:00 01-Aug-2019,07:03:22 01-Aug-2019,Dive,1,U,372.0,379.0,681,683,,
GmTag225,180767,1.000000,Transmission,Mk10,4,07:03:22 01-Aug-2019,07:09:28 01-Aug-2019,Surface,,,,,365,367,47,319
GmTag225,180767,1.000000,Transmission,Mk10,4,07:09:28 01-Aug-2019,07:22:50 01-Aug-2019,Dive,1,U,364.0,371.0,801,803,,
GmTag225,180767,1.000000,Transmission,Mk10,4,07:22:50 01-Aug-2019,07:27:08 01-Aug-2019,Surface,,,,,257,259,50,208
GmTag225,180767,1.000000,Transmission,Mk10,4,07:27:08 01-Aug-2019,07:41:28 01-Aug-2019,Dive,1,U,404.0,411.0,859,861,,
GmTag225,180767,1.000000,Transmission,Mk10,4,07:41:28 01-Aug-2019,07:46:16 01-Aug-2019,Surface,,,,,287,289,46,242
GmTag225,180767,1.000000,Transmission,Mk10,4,07:46:16 01-Aug-2019,07:59:20 01-Aug-2019,Dive,1,U,380.0,387.0,783,785,,
GmTag225,180767,1.000000,Transmission,Mk10,4,07:59:20 01-Aug-2019,08:04:44 01-Aug-2019,Surface,,,,,323,325,42,282
GmTag225,180767,1.000000,Transmission,Mk10,4,08:04:44 01-Aug-2019,08:19:40 01-Aug-2019,Dive,1,U,520.0,535.0,895,897,,
GmTag225,180767,1.000000,Transmission,Mk10,4,08:19:40 01-Aug-2019,08:26:14 01-Aug-2019,Surface,,,,,393,395,51,343
GmTag225,180767,1.000000,Transmission,Mk10,2,08:26:00 01-Aug-2019,09:46:46 01-Aug-2019,Message,10,,,,4836.000000,4856.000000,,
GmTag225,180767,1.000000,Transmission,Mk10,2,08:26:00 01-Aug-2019,08:43:20 01-Aug-2019,Dive,1,U,760.0,775.0,1039,1041,,
GmTag225,180767,1.000000,Transmission,Mk10,2,08:43:20 01-Aug-2019,08:48:16 01-Aug-2019,Surface,,,,,295,297,57,239
GmTag225,180767,1.000000,Transmission,Mk10,2,08:48:16 01-Aug-2019,08:57:28 01-Aug-2019,Dive,1,Square,87.0,88.0,551,553,,
GmTag225,180767,1.000000,Transmission,Mk10,2,08:57:28 01-Aug-2019,09:03:12 01-Aug-2019,Surface,,,,,343,345,33,311
GmTag225,180767,1.000000,Transmission,Mk10,2,09:03:12 01-Aug-2019,09:12:24 01-Aug-2019,Dive,1,V,324.0,331.0,551,553,,
GmTag225,180767,1.000000,Transmission,Mk10,2,09:12:24 01-Aug-2019,09:17:00 01-Aug-2019,Surface,,,,,275,277,27,249
GmTag225,180767,1.000000,Transmission,Mk10,2,09:17:00 01-Aug-2019,09:26:10 01-Aug-2019,Dive,1,U,234.0,237.0,549,551,,
GmTag225,180767,1.000000,Transmission,Mk10,2,09:26:10 01-Aug-2019,09:29:16 01-Aug-2019,Surface,,,,,185,187,18,168
GmTag225,180767,1.000000,Transmission,Mk10,2,09:29:16 01-Aug-2019,09:37:46 01-Aug-2019,Dive,1,V,218.0,221.0,509,511,,
GmTag225,180767,1.000000,Transmission,Mk10,2,09:37:46 01-Aug-2019,09:46:46 01-Aug-2019,Surface,,,,,539,541,52,488
GmTag225,180767,1.000000,Transmission,Mk10,3,09:47:00 01-Aug-2019,13:05:42 01-Aug-2019,Message,9,,,,11913.000000,11931.000000,,
GmTag225,180767,1.000000,Transmission,Mk10,3,09:47:00 01-Aug-2019,09:57:48 01-Aug-2019,Dive,1,U,348.0,355.0,647,649,,
GmTag225,180767,1.000000,Transmission,Mk10,3,09:57:48 01-Aug-2019,10:02:02 01-Aug-2019,Surface,,,,,253,255,25,229
GmTag225,180767,1.000000,Transmission,Mk10,3,10:02:02 01-Aug-2019,10:13:52 01-Aug-2019,Dive,1,V,452.0,459.0,709,711,,
GmTag225,180767,1.000000,Transmission,Mk10,3,10:13:52 01-Aug-2019,10:20:16 01-Aug-2019,Surface,,,,,383,385,37,347
GmTag225,180767,1.000000,Transmission,Mk10,3,10:20:16 01-Aug-2019,10:34:20 01-Aug-2019,Dive,1,V,552.0,567.0,843,845,,
GmTag225,180767,1.000000,Transmission,Mk10,3,10:34:20 01-Aug-2019,12:20:22 01-Aug-2019,Surface,,,,,6361,6363,205,6157
GmTag225,180767,1.000000,Transmission,Mk10,3,12:20:22 01-Aug-2019,12:32:04 01-Aug-2019,Dive,1,U,712.0,727.0,701,703,,
GmTag225,180767,1.000000,Transmission,Mk10,3,12:32:04 01-Aug-2019,12:54:52 01-Aug-2019,Surface,,,,,1367,1369,88,1280
GmTag225,180767,1.000000,Transmission,Mk10,3,12:54:52 01-Aug-2019,13:05:42 01-Aug-2019,Dive,1,U,584.0,599.0,649,651,,
GmTag225,180767,1.000000,Transmission,Mk10,1,13:05:00 01-Aug-2019,19:07:58 01-Aug-2019,Message,9,,,,21769.000000,21787.000000,,
GmTag225,180767,1.000000,Transmission,Mk10,1,13:05:00 01-Aug-2019,13:31:00 01-Aug-2019,Surface,,,,,1559,1561,101,1459
GmTag225,180767,1.000000,Transmission,Mk10,1,13:31:00 01-Aug-2019,13:40:30 01-Aug-2019,Dive,1,U,520.0,535.0,569,571,,
GmTag225,180767,1.000000,Transmission,Mk10,1,13:40:30 01-Aug-2019,14:08:52 01-Aug-2019,Surface,,,,,1701,1703,110,1592
GmTag225,180767,1.000000,Transmission,Mk10,1,14:08:52 01-Aug-2019,14:24:24 01-Aug-2019,Dive,1,U,568.0,583.0,931,933,,
GmTag225,180767,1.000000,Transmission,Mk10,1,14:24:24 01-Aug-2019,18:18:00 01-Aug-2019,Surface,,,,,14015,14017,452,13564
GmTag225,180767,1.000000,Transmission,Mk10,1,18:18:00 01-Aug-2019,18:33:38 01-Aug-2019,Dive,1,U,552.0,567.0,937,939,,
GmTag225,180767,1.000000,Transmission,Mk10,1,18:33:38 01-Aug-2019,18:46:34 01-Aug-2019,Surface,,,,,775,777,75,701
GmTag225,180767,1.000000,Transmission,Mk10,1,18:46:34 01-Aug-2019,19:03:08 01-Aug-2019,Dive,1,Square,552.0,567.0,993,995,,
GmTag225,180767,1.000000,Transmission,Mk10,1,19:03:08 01-Aug-2019,19:07:58 01-Aug-2019,Surface,,,,,289,291,75,215
GmTag225,180767,1.000000,Transmission,Mk10,2,19:08:00 01-Aug-2019,21:02:32 01-Aug-2019,Message,10,,,,6862.000000,6882.000000,,
GmTag225,180767,1.000000,Transmission,Mk10,2,19:08:00 01-Aug-2019,19:24:18 01-Aug-2019,Dive,1,Square,520.0,535.0,977,979,,
GmTag225,180767,1.000000,Transmission,Mk10,2,19:24:18 01-Aug-2019,19:31:20 01-Aug-2019,Surface,,,,,421,423,68,354
GmTag225,180767,1.000000,Transmission,Mk10,2,19:31:20 01-Aug-2019,19:46:04 01-Aug-2019,Dive,1,U,568.0,583.0,883,885,,
GmTag225,180767,1.000000,Transmission,Mk10,2,19:46:04 01-Aug-2019,19:52:04 01-Aug-2019,Surface,,,,,359,361,70,290
GmTag225,180767,1.000000,Transmission,Mk10,2,19:52:04 01-Aug-2019,20:05:56 01-Aug-2019,Dive,1,U,552.0,567.0,831,833,,
GmTag225,180767,1.000000,Transmission,Mk10,2,20:05:56 01-Aug-2019,20:28:52 01-Aug-2019,Surface,,,,,1375,1377,89,1287
GmTag225,180767,1.000000,Transmission,Mk10,2,20:28:52 01-Aug-2019,20:40:48 01-Aug-2019,Dive,1,U,520.0,535.0,715,717,,
GmTag225,180767,1.000000,Transmission,Mk10,2,20:40:48 01-Aug-2019,20:46:02 01-Aug-2019,Surface,,,,,313,315,51,263
GmTag225,180767,1.000000,Transmission,Mk10,2,20:46:02 01-Aug-2019,20:57:18 01-Aug-2019,Dive,1,U,504.0,519.0,675,677,,
GmTag225,180767,1.000000,Transmission,Mk10,2,20:57:18 01-Aug-2019,21:02:32 01-Aug-2019,Surface,,,,,313,315,71,243
GmTag225,180767,1.000000,Transmission,Mk10,5,21:03:00 01-Aug-2019,22:30:50 01-Aug-2019,Message,10,,,,5260.000000,5280.000000,,
GmTag225,180767,1.000000,Transmission,Mk10,5,21:03:00 01-Aug-2019,21:16:06 01-Aug-2019,Dive,1,Square,444.0,451.0,785,787,,
GmTag225,180767,1.000000,Transmission,Mk10,5,21:16:06 01-Aug-2019,21:20:58 01-Aug-2019,Surface,,,,,291,293,57,235
GmTag225,180767,1.000000,Transmission,Mk10,5,21:20:58 01-Aug-2019,21:31:34 01-Aug-2019,Dive,1,Square,372.0,379.0,635,637,,
GmTag225,180767,1.000000,Transmission,Mk10,5,21:31:34 01-Aug-2019,21:38:52 01-Aug-2019,Surface,,,,,437,439,57,381
GmTag225,180767,1.000000,Transmission,Mk10,5,21:38:52 01-Aug-2019,21:51:38 01-Aug-2019,Dive,1,Square,452.0,459.0,765,767,,
GmTag225,180767,1.000000,Transmission,Mk10,5,21:51:38 01-Aug-2019,21:57:08 01-Aug-2019,Surface,,,,,329,331,85,245
GmTag225,180767,1.000000,Transmission,Mk10,5,21:57:08 01-Aug-2019,22:09:00 01-Aug-2019,Dive,1,Square,452.0,459.0,711,713,,
GmTag225,180767,1.000000,Transmission,Mk10,5,22:09:00 01-Aug-2019,22:14:38 01-Aug-2019,Surface,,,,,337,339,76,262
GmTag225,180767,1.000000,Transmission,Mk10,5,22:14:38 01-Aug-2019,22:25:28 01-Aug-2019,Dive,1,U,388.0,395.0,649,651,,
GmTag225,180767,1.000000,Transmission,Mk10,5,22:25:28 01-Aug-2019,22:30:50 01-Aug-2019,Surface,,,,,321,323,52,270
GmTag225,180767,1.000000,Transmission,Mk10,5,22:31:00 01-Aug-2019,01:47:38 02-Aug-2019,Message,9,,,,11789.000000,11807.000000,,
GmTag225,180767,1.000000,Transmission,Mk10,5,22:31:00 01-Aug-2019,22:42:32 01-Aug-2019,Dive,1,U,468.0,475.0,691,693,,
GmTag225,180767,1.000000,Transmission,Mk10,5,22:42:32 01-Aug-2019,22:50:32 01-Aug-2019,Surface,,,,,479,481,62,418
GmTag225,180767,1.000000,Transmission,Mk10,5,22:50:32 01-Aug-2019,23:01:50 01-Aug-2019,Dive,1,U,492.0,503.0,677,679,,
GmTag225,180767,1.000000,Transmission,Mk10,5,23:01:50 01-Aug-2019,00:31:36 02-Aug-2019,Surface,,,,,5385,5387,347,5039
GmTag225,180767,1.000000,Transmission,Mk10,5,00:31:36 02-Aug-2019,00:40:06 02-Aug-2019,Dive,1,V,356.0,363.0,509,511,,
GmTag225,180767,1.000000,Transmission,Mk10,5,00:40:06 02-Aug-2019,00:42:22 02-Aug-2019,Surface,,,,,135,137,26,110
GmTag225,180767,1.000000,Transmission,Mk10,5,00:42:22 02-Aug-2019,00:51:28 02-Aug-2019,Dive,1,U,118.0,121.0,545,547,,
GmTag225,180767,1.000000,Transmission,Mk10,5,00:51:28 02-Aug-2019,01:43:18 02-Aug-2019,Surface,,,,,3109,3111,201,2909
GmTag225,180767,1.000000,Transmission,Mk10,5,01:43:18 02-Aug-2019,01:47:38 02-Aug-2019,Dive,1,U,105.0,106.0,259,261,,
GmTag225,180767,1.000000,Transmission,Mk10,5,01:47:00 02-Aug-2019,05:48:18 02-Aug-2019,Message,10,,,,14468.000000,14488.000000,,
GmTag225,180767,1.000000,Transmission,Mk10,5,01:47:00 02-Aug-2019,04:25:38 02-Aug-2019,Surface,,,,,9517,9519,614,8904
GmTag225,180767,1.000000,Transmission,Mk10,5,04:25:38 02-Aug-2019,04:36:46 02-Aug-2019,Dive,1,Square,284.0,291.0,667,669,,
GmTag225,180767,1.000000,Transmission,Mk10,5,04:36:46 02-Aug-2019,04:42:10 02-Aug-2019,Surface,,,,,323,325,52,272
GmTag225,180767,1.000000,Transmission,Mk10,5,04:42:10 02-Aug-2019,04:52:52 02-Aug-2019,Dive,1,Square,252.0,259.0,641,643,,
GmTag225,180767,1.000000,Transmission,Mk10,5,04:52:52 02-Aug-2019,05:00:26 02-Aug-2019,Surface,,,,,453,455,59,395
GmTag225,180767,1.000000,Transmission,Mk10,5,05:00:26 02-Aug-2019,05:03:54 02-Aug-2019,Dive,1,V,81.0,82.0,207,209,,
GmTag225,180767,1.000000,Transmission,Mk10,5,05:03:54 02-Aug-2019,05:25:08 02-Aug-2019,Surface,,,,,1273,1275,82,1192
GmTag225,180767,1.000000,Transmission,Mk10,5,05:25:08 02-Aug-2019,05:31:28 02-Aug-2019,Dive,1,Square,170.0,173.0,379,381,,
GmTag225,180767,1.000000,Transmission,Mk10,5,05:31:28 02-Aug-2019,05:37:02 02-Aug-2019,Surface,,,,,333,335,43,291
GmTag225,180767,1.000000,Transmission,Mk10,5,05:37:02 02-Aug-2019,05:48:18 02-Aug-2019,Dive,1,Square,316.0,323.0,675,677,,
GmTag225,180767,1.000000,Transmission,Mk10,2,05:48:00 02-Aug-2019,07:27:12 02-Aug-2019,Message,10,,,,5942.000000,5962.000000,,
GmTag225,180767,1.000000,Transmission,Mk10,2,05:48:00 02-Aug-2019,05:59:10 02-Aug-2019,Surface,,,,,669,671,65,605
GmTag225,180767,1.000000,Transmission,Mk10,2,05:59:10 02-Aug-2019,06:10:48 02-Aug-2019,Dive,1,Square,340.0,347.0,697,699,,
GmTag225,180767,1.000000,Transmission,Mk10,2,06:10:48 02-Aug-2019,06:14:56 02-Aug-2019,Surface,,,,,247,249,32,216
GmTag225,180767,1.000000,Transmission,Mk10,2,06:14:56 02-Aug-2019,06:27:12 02-Aug-2019,Dive,1,U,364.0,371.0,735,737,,
GmTag225,180767,1.000000,Transmission,Mk10,2,06:27:12 02-Aug-2019,06:33:14 02-Aug-2019,Surface,,,,,361,363,35,327
GmTag225,180767,1.000000,Transmission,Mk10,2,06:33:14 02-Aug-2019,06:48:08 02-Aug-2019,Dive,1,Square,348.0,355.0,893,895,,
GmTag225,180767,1.000000,Transmission,Mk10,2,06:48:08 02-Aug-2019,06:56:14 02-Aug-2019,Surface,,,,,485,487,63,423
GmTag225,180767,1.000000,Transmission,Mk10,2,06:56:14 02-Aug-2019,07:06:40 02-Aug-2019,Dive,1,U,404.0,411.0,625,627,,
GmTag225,180767,1.000000,Transmission,Mk10,2,07:06:40 02-Aug-2019,07:14:00 02-Aug-2019,Surface,,,,,439,441,43,397
GmTag225,180767,1.000000,Transmission,Mk10,2,07:14:00 02-Aug-2019,07:27:12 02-Aug-2019,Dive,1,U,404.0,411.0,791,793,,
GmTag225,180767,1.000000,Transmission,Mk10,4,07:27:00 02-Aug-2019,09:02:22 02-Aug-2019,Message,10,,,,5712.000000,5732.000000,,
GmTag225,180767,1.000000,Transmission,Mk10,4,07:27:00 02-Aug-2019,07:33:00 02-Aug-2019,Surface,,,,,359,361,58,302
GmTag225,180767,1.000000,Transmission,Mk10,4,07:33:00 02-Aug-2019,07:49:24 02-Aug-2019,Dive,1,Square,412.0,419.0,983,985,,
GmTag225,180767,1.000000,Transmission,Mk10,4,07:49:24 02-Aug-2019,07:54:42 02-Aug-2019,Surface,,,,,317,319,41,277
GmTag225,180767,1.000000,Transmission,Mk10,4,07:54:42 02-Aug-2019,08:07:06 02-Aug-2019,Dive,1,Square,396.0,403.0,743,745,,
GmTag225,180767,1.000000,Transmission,Mk10,4,08:07:06 02-Aug-2019,08:11:56 02-Aug-2019,Surface,,,,,289,291,37,253
GmTag225,180767,1.000000,Transmission,Mk10,4,08:11:56 02-Aug-2019,08:24:20 02-Aug-2019,Dive,1,Square,404.0,411.0,743,745,,
GmTag225,180767,1.000000,Transmission,Mk10,4,08:24:20 02-Aug-2019,08:37:28 02-Aug-2019,Surface,,,,,787,789,51,737
GmTag225,180767,1.000000,Transmission,Mk10,4,08:37:28 02-Aug-2019,08:42:34 02-Aug-2019,Dive,1,Square,178.0,181.0,305,307,,
GmTag225,180767,1.000000,Transmission,Mk10,4,08:42:34 02-Aug-2019,08:50:46 02-Aug-2019,Surface,,,,,491,493,48,444
GmTag225,180767,1.000000,Transmission,Mk10,4,08:50:46 02-Aug-2019,09:02:22 02-Aug-2019,Dive,1,U,420.0,427.0,695,697,,
GmTag225,180767,1.000000,Transmission,Mk10,2,09:03:00 02-Aug-2019,14:48:50 02-Aug-2019,Message,10,,,,20740.000000,20760.000000,,
GmTag225,180767,1.000000,Transmission,Mk10,2,09:03:00 02-Aug-2019,09:41:26 02-Aug-2019,Surface,,,,,2305,2307,149,2157
GmTag225,180767,1.000000,Transmission,Mk10,2,09:41:26 02-Aug-2019,09:47:38 02-Aug-2019,Dive,1,Square,134.0,137.0,371,373,,
GmTag225,180767,1.000000,Transmission,Mk10,2,09:47:38 02-Aug-2019,13:28:22 02-Aug-2019,Surface,,,,,13243,13245,427,12817
GmTag225,180767,1.000000,Transmission,Mk10,2,13:28:22 02-Aug-2019,13:43:08 02-Aug-2019,Dive,1,U,536.0,551.0,885,887,,
GmTag225,180767,1.000000,Transmission,Mk10,2,13:43:08 02-Aug-2019,13:47:06 02-Aug-2019,Surface,,,,,237,239,38,200
GmTag225,180767,1.000000,Transmission,Mk10,2,13:47:06 02-Aug-2019,14:03:48 02-Aug-2019,Dive,1,Square,504.0,519.0,1001,1003,,
GmTag225,180767,1.000000,Transmission,Mk10,2,14:03:48 02-Aug-2019,14:11:58 02-Aug-2019,Surface,,,,,489,491,47,443
GmTag225,180767,1.000000,Transmission,Mk10,2,14:11:58 02-Aug-2019,14:27:18 02-Aug-2019,Dive,1,Square,520.0,535.0,919,921,,
GmTag225,180767,1.000000,Transmission,Mk10,2,14:27:18 02-Aug-2019,14:32:40 02-Aug-2019,Surface,,,,,321,323,42,280
GmTag225,180767,1.000000,Transmission,Mk10,2,14:32:40 02-Aug-2019,14:48:50 02-Aug-2019,Dive,1,U,616.0,631.0,969,971,,
GmTag225,180767,1.000000,Transmission,Mk10,4,14:48:00 02-Aug-2019,16:27:40 02-Aug-2019,Message,10,,,,5970.000000,5990.000000,,
GmTag225,180767,1.000000,Transmission,Mk10,4,14:48:00 02-Aug-2019,14:54:30 02-Aug-2019,Surface,,,,,389,391,50,340
GmTag225,180767,1.000000,Transmission,Mk10,4,14:54:30 02-Aug-2019,15:10:08 02-Aug-2019,Dive,1,Square,484.0,491.0,937,939,,
GmTag225,180767,1.000000,Transmission,Mk10,4,15:10:08 02-Aug-2019,15:15:20 02-Aug-2019,Surface,,,,,311,313,40,272
GmTag225,180767,1.000000,Transmission,Mk10,4,15:15:20 02-Aug-2019,15:29:04 02-Aug-2019,Dive,1,U,856.0,871.0,823,825,,
GmTag225,180767,1.000000,Transmission,Mk10,4,15:29:04 02-Aug-2019,15:38:20 02-Aug-2019,Surface,,,,,555,557,54,502
GmTag225,180767,1.000000,Transmission,Mk10,4,15:38:20 02-Aug-2019,15:49:24 02-Aug-2019,Dive,1,U,568.0,583.0,663,665,,
GmTag225,180767,1.000000,Transmission,Mk10,4,15:49:24 02-Aug-2019,15:53:58 02-Aug-2019,Surface,,,,,273,275,35,239
GmTag225,180767,1.000000,Transmission,Mk10,4,15:53:58 02-Aug-2019,16:07:08 02-Aug-2019,Dive,1,U,568.0,583.0,789,791,,
GmTag225,180767,1.000000,Transmission,Mk10,4,16:07:08 02-Aug-2019,16:12:00 02-Aug-2019,Surface,,,,,291,293,38,254
GmTag225,180767,1.000000,Transmission,Mk10,4,16:12:00 02-Aug-2019,16:27:40 02-Aug-2019,Dive,1,U,952.0,967.0,939,941,,
GmTag225,180767,1.000000,Transmission,Mk10,1,16:28:00 02-Aug-2019,22:30:30 02-Aug-2019,Message,9,,,,21741.000000,21759.000000,,
GmTag225,180767,1.000000,Transmission,Mk10,1,16:28:00 02-Aug-2019,17:27:36 02-Aug-2019,Surface,,,,,3575,3577,231,3345
GmTag225,180767,1.000000,Transmission,Mk10,1,17:27:36 02-Aug-2019,17:40:00 02-Aug-2019,Dive,1,U,552.0,567.0,743,745,,
GmTag225,180767,1.000000,Transmission,Mk10,1,17:40:00 02-Aug-2019,17:44:54 02-Aug-2019,Surface,,,,,293,295,38,256
GmTag225,180767,1.000000,Transmission,Mk10,1,17:44:54 02-Aug-2019,17:57:12 02-Aug-2019,Dive,1,U,520.0,535.0,737,739,,
GmTag225,180767,1.000000,Transmission,Mk10,1,17:57:12 02-Aug-2019,18:03:20 02-Aug-2019,Surface,,,,,367,369,47,321
GmTag225,180767,1.000000,Transmission,Mk10,1,18:03:20 02-Aug-2019,18:18:10 02-Aug-2019,Dive,1,U,824.0,839.0,889,891,,
GmTag225,180767,1.000000,Transmission,Mk10,1,18:18:10 02-Aug-2019,22:10:36 02-Aug-2019,Surface,,,,,13945,13947,900,13046
GmTag225,180767,1.000000,Transmission,Mk10,1,22:10:36 02-Aug-2019,22:23:10 02-Aug-2019,Dive,1,U,428.0,435.0,753,755,,
GmTag225,180767,1.000000,Transmission,Mk10,1,22:23:10 02-Aug-2019,22:30:30 02-Aug-2019,Surface,,,,,439,441,57,383
GmTag225,180767,1.000000,Transmission,Mk10,5,22:30:00 02-Aug-2019,23:48:58 02-Aug-2019,Message,10,,,,4728.000000,4748.000000,,
GmTag225,180767,1.000000,Transmission,Mk10,5,22:30:00 02-Aug-2019,22:42:18 02-Aug-2019,Dive,1,U,428.0,435.0,737,739,,
GmTag225,180767,1.000000,Transmission,Mk10,5,22:42:18 02-Aug-2019,22:46:50 02-Aug-2019,Surface,,,,,271,273,61,211
GmTag225,180767,1.000000,Transmission,Mk10,5,22:46:50 02-Aug-2019,22:58:06 02-Aug-2019,Dive,1,U,504.0,519.0,675,677,,
GmTag225,180767,1.000000,Transmission,Mk10,5,22:58:06 02-Aug-2019,23:03:42 02-Aug-2019,Surface,,,,,335,337,43,293
GmTag225,180767,1.000000,Transmission,Mk10,5,23:03:42 02-Aug-2019,23:15:44 02-Aug-2019,Dive,1,U,552.0,567.0,721,723,,
GmTag225,180767,1.000000,Transmission,Mk10,5,23:15:44 02-Aug-2019,23:19:48 02-Aug-2019,Surface,,,,,243,245,31,213
GmTag225,180767,1.000000,Transmission,Mk10,5,23:19:48 02-Aug-2019,23:30:36 02-Aug-2019,Dive,1,U,520.0,535.0,647,649,,
GmTag225,180767,1.000000,Transmission,Mk10,5,23:30:36 02-Aug-2019,23:34:32 02-Aug-2019,Surface,,,,,235,237,38,198
GmTag225,180767,1.000000,Transmission,Mk10,5,23:34:32 02-Aug-2019,23:45:42 02-Aug-2019,Dive,1,U,460.0,467.0,669,671,,
GmTag225,180767,1.000000,Transmission,Mk10,5,23:45:42 02-Aug-2019,23:48:58 02-Aug-2019,Surface,,,,,195,197,32,164
GmTag225,180767,1.000000,Transmission,Mk10,7,23:49:00 02-Aug-2019,00:55:26 03-Aug-2019,Message,10,,,,3976.000000,3996.000000,,
GmTag225,180767,1.000000,Transmission,Mk10,7,23:49:00 02-Aug-2019,23:59:38 02-Aug-2019,Dive,1,U,364.0,371.0,637,639,,
GmTag225,180767,1.000000,Transmission,Mk10,7,23:59:38 02-Aug-2019,00:03:44 03-Aug-2019,Surface,,,,,245,247,40,206
GmTag225,180767,1.000000,Transmission,Mk10,7,00:03:44 03-Aug-2019,00:13:22 03-Aug-2019,Dive,1,Square,206.0,209.0,577,579,,
GmTag225,180767,1.000000,Transmission,Mk10,7,00:13:22 03-Aug-2019,00:18:20 03-Aug-2019,Surface,,,,,297,299,58,240
GmTag225,180767,1.000000,Transmission,Mk10,7,00:18:20 03-Aug-2019,00:28:16 03-Aug-2019,Dive,1,U,300.0,307.0,595,597,,
GmTag225,180767,1.000000,Transmission,Mk10,7,00:28:16 03-Aug-2019,00:30:52 03-Aug-2019,Surface,,,,,155,157,25,131
GmTag225,180767,1.000000,Transmission,Mk10,7,00:30:52 03-Aug-2019,00:41:12 03-Aug-2019,Dive,1,U,476.0,483.0,619,621,,
GmTag225,180767,1.000000,Transmission,Mk10,7,00:41:12 03-Aug-2019,00:44:12 03-Aug-2019,Surface,,,,,179,181,41,139
GmTag225,180767,1.000000,Transmission,Mk10,7,00:44:12 03-Aug-2019,00:52:00 03-Aug-2019,Dive,1,V,158.0,161.0,467,469,,
GmTag225,180767,1.000000,Transmission,Mk10,7,00:52:00 03-Aug-2019,00:55:26 03-Aug-2019,Surface,,,,,205,207,27,179
GmTag225,180767,1.000000,Transmission,Mk10,8,00:56:00 03-Aug-2019,05:24:56 03-Aug-2019,Message,10,,,,16126.000000,16146.000000,,
GmTag225,180767,1.000000,Transmission,Mk10,8,00:56:00 03-Aug-2019,01:02:06 03-Aug-2019,Dive,1,V,99.0,100.0,365,367,,
GmTag225,180767,1.000000,Transmission,Mk10,8,01:02:06 03-Aug-2019,01:14:12 03-Aug-2019,Surface,,,,,725,727,47,679
GmTag225,180767,1.000000,Transmission,Mk10,8,01:14:12 03-Aug-2019,01:21:26 03-Aug-2019,Dive,1,U,97.0,98.0,433,435,,
GmTag225,180767,1.000000,Transmission,Mk10,8,01:21:26 03-Aug-2019,01:51:50 03-Aug-2019,Surface,,,,,1823,1825,118,1706
GmTag225,180767,1.000000,Transmission,Mk10,8,01:51:50 03-Aug-2019,01:59:56 03-Aug-2019,Dive,1,U,105.0,106.0,485,487,,
GmTag225,180767,1.000000,Transmission,Mk10,8,01:59:56 03-Aug-2019,04:27:16 03-Aug-2019,Surface,,,,,8839,8841,570,8270
GmTag225,180767,1.000000,Transmission,Mk10,8,04:27:16 03-Aug-2019,04:40:54 03-Aug-2019,Dive,1,U,920.0,935.0,817,819,,
GmTag225,180767,1.000000,Transmission,Mk10,8,04:40:54 03-Aug-2019,05:15:30 03-Aug-2019,Surface,,,,,2075,2077,201,1875
GmTag225,180767,1.000000,Transmission,Mk10,8,05:15:30 03-Aug-2019,05:19:06 03-Aug-2019,Dive,1,U,91.0,92.0,215,217,,
GmTag225,180767,1.000000,Transmission,Mk10,8,05:19:06 03-Aug-2019,05:24:56 03-Aug-2019,Surface,,,,,349,351,34,316
GmTag225,180767,1.000000,Transmission,Mk10,8,05:25:00 03-Aug-2019,08:12:44 03-Aug-2019,Message,10,,,,10054.000000,10074.000000,,
GmTag225,180767,1.000000,Transmission,Mk10,8,05:25:00 03-Aug-2019,05:34:14 03-Aug-2019,Dive,1,U,244.0,251.0,553,555,,
GmTag225,180767,1.000000,Transmission,Mk10,8,05:34:14 03-Aug-2019,05:39:56 03-Aug-2019,Surface,,,,,341,343,33,309
GmTag225,180767,1.000000,Transmission,Mk10,8,05:39:56 03-Aug-2019,05:48:24 03-Aug-2019,Dive,1,U,178.0,181.0,507,509,,
GmTag225,180767,1.000000,Transmission,Mk10,8,05:48:24 03-Aug-2019,05:55:20 03-Aug-2019,Surface,,,,,415,417,67,349
GmTag225,180767,1.000000,Transmission,Mk10,8,05:55:20 03-Aug-2019,06:06:16 03-Aug-2019,Dive,1,U,210.0,213.0,655,657,,
GmTag225,180767,1.000000,Transmission,Mk10,8,06:06:16 03-Aug-2019,06:55:30 03-Aug-2019,Surface,,,,,2953,2955,191,2763
GmTag225,180767,1.000000,Transmission,Mk10,8,06:55:30 03-Aug-2019,07:06:44 03-Aug-2019,Dive,1,U,792.0,807.0,673,675,,
GmTag225,180767,1.000000,Transmission,Mk10,8,07:06:44 03-Aug-2019,07:54:18 03-Aug-2019,Surface,,,,,2853,2855,276,2578
GmTag225,180767,1.000000,Transmission,Mk10,8,07:54:18 03-Aug-2019,08:04:22 03-Aug-2019,Dive,1,V,372.0,379.0,603,605,,
GmTag225,180767,1.000000,Transmission,Mk10,8,08:04:22 03-Aug-2019,08:12:44 03-Aug-2019,Surface,,,,,501,503,65,437
GmTag225,180767,1.000000,Transmission,Mk10,7,08:12:00 03-Aug-2019,09:33:16 03-Aug-2019,Message,10,,,,4866.000000,4886.000000,,
GmTag225,180767,1.000000,Transmission,Mk10,7,08:12:00 03-Aug-2019,08:24:00 03-Aug-2019,Dive,1,U,436.0,443.0,719,721,,
GmTag225,180767,1.000000,Transmission,Mk10,7,08:24:00 03-Aug-2019,08:28:38 03-Aug-2019,Surface,,,,,277,279,54,224
GmTag225,180767,1.000000,Transmission,Mk10,7,08:28:38 03-Aug-2019,08:44:08 03-Aug-2019,Dive,1,V,856.0,871.0,929,931,,
GmTag225,180767,1.000000,Transmission,Mk10,7,08:44:08 03-Aug-2019,08:59:56 03-Aug-2019,Surface,,,,,947,949,92,856
GmTag225,180767,1.000000,Transmission,Mk10,7,08:59:56 03-Aug-2019,09:07:12 03-Aug-2019,Dive,1,U,222.0,225.0,435,437,,
GmTag225,180767,1.000000,Transmission,Mk10,7,09:07:12 03-Aug-2019,09:10:02 03-Aug-2019,Surface,,,,,169,171,22,148
GmTag225,180767,1.000000,Transmission,Mk10,7,09:10:02 03-Aug-2019,09:18:50 03-Aug-2019,Dive,1,U,186.0,189.0,527,529,,
GmTag225,180767,1.000000,Transmission,Mk10,7,09:18:50 03-Aug-2019,09:21:38 03-Aug-2019,Surface,,,,,167,169,22,146
GmTag225,180767,1.000000,Transmission,Mk10,7,09:21:38 03-Aug-2019,09:30:16 03-Aug-2019,Dive,1,U,190.0,193.0,517,519,,
GmTag225,180767,1.000000,Transmission,Mk10,7,09:30:16 03-Aug-2019,09:33:16 03-Aug-2019,Surface,,,,,179,181,17,163
GmTag225,180767,1.000000,Transmission,Mk10,5,09:33:00 03-Aug-2019,11:35:06 03-Aug-2019,Message,9,,,,7317.000000,7335.000000,,
GmTag225,180767,1.000000,Transmission,Mk10,5,09:33:00 03-Aug-2019,09:42:22 03-Aug-2019,Dive,1,U,348.0,355.0,561,563,,
GmTag225,180767,1.000000,Transmission,Mk10,5,09:42:22 03-Aug-2019,09:46:26 03-Aug-2019,Surface,,,,,243,245,47,197
GmTag225,180767,1.000000,Transmission,Mk10,5,09:46:26 03-Aug-2019,09:59:16 03-Aug-2019,Dive,1,U,808.0,823.0,769,771,,
GmTag225,180767,1.000000,Transmission,Mk10,5,09:59:16 03-Aug-2019,10:20:54 03-Aug-2019,Surface,,,,,1297,1299,126,1172
GmTag225,180767,1.000000,Transmission,Mk10,5,10:20:54 03-Aug-2019,10:31:36 03-Aug-2019,Dive,1,U,356.0,363.0,641,643,,
GmTag225,180767,1.000000,Transmission,Mk10,5,10:31:36 03-Aug-2019,10:36:44 03-Aug-2019,Surface,,,,,307,309,30,278
GmTag225,180767,1.000000,Transmission,Mk10,5,10:36:44 03-Aug-2019,10:45:54 03-Aug-2019,Dive,1,U,536.0,551.0,549,551,,
GmTag225,180767,1.000000,Transmission,Mk10,5,10:45:54 03-Aug-2019,11:23:20 03-Aug-2019,Surface,,,,,2245,2247,145,2101
GmTag225,180767,1.000000,Transmission,Mk10,5,11:23:20 03-Aug-2019,11:35:06 03-Aug-2019,Dive,1,U,728.0,743.0,705,707,,
GmTag225,180767,1.000000,Transmission,Mk10,4,11:35:00 03-Aug-2019,13:46:04 03-Aug-2019,Message,10,,,,7854.000000,7874.000000,,
GmTag225,180767,1.000000,Transmission,Mk10,4,11:35:00 03-Aug-2019,12:06:04 03-Aug-2019,Surface,,,,,1863,1865,180,1684
GmTag225,180767,1.000000,Transmission,Mk10,4,12:06:04 03-Aug-2019,12:18:14 03-Aug-2019,Dive,1,U,504.0,519.0,729,731,,
GmTag225,180767,1.000000,Transmission,Mk10,4,12:18:14 03-Aug-2019,12:22:18 03-Aug-2019,Surface,,,,,243,245,31,213
GmTag225,180767,1.000000,Transmission,Mk10,4,12:22:18 03-Aug-2019,12:34:22 03-Aug-2019,Dive,1,U,484.0,491.0,723,725,,
GmTag225,180767,1.000000,Transmission,Mk10,4,12:34:22 03-Aug-2019,12:41:44 03-Aug-2019,Surface,,,,,441,443,71,371
GmTag225,180767,1.000000,Transmission,Mk10,4,12:41:44 03-Aug-2019,12:52:38 03-Aug-2019,Dive,1,U,504.0,519.0,653,655,,
GmTag225,180767,1.000000,Transmission,Mk10,4,12:52:38 03-Aug-2019,13:17:04 03-Aug-2019,Surface,,,,,1465,1467,95,1371
GmTag225,180767,1.000000,Transmission,Mk10,4,13:17:04 03-Aug-2019,13:29:00 03-Aug-2019,Dive,1,U,520.0,535.0,715,717,,
GmTag225,180767,1.000000,Transmission,Mk10,4,13:29:00 03-Aug-2019,13:33:30 03-Aug-2019,Surface,,,,,269,271,52,218
GmTag225,180767,1.000000,Transmission,Mk10,4,13:33:30 03-Aug-2019,13:46:04 03-Aug-2019,Dive,1,U,504.0,519.0,753,755,,
GmTag225,180767,1.000000,Transmission,Mk10,4,13:46:00 03-Aug-2019,21:42:32 03-Aug-2019,Message,10,,,,28553.000000,28631.000000,,
GmTag225,180767,1.000000,Transmission,Mk10,4,13:46:00 03-Aug-2019,14:00:06 03-Aug-2019,Surface,,,,,845,847,82,764
GmTag225,180767,1.000000,Transmission,Mk10,4,14:00:06 03-Aug-2019,14:05:56 03-Aug-2019,Dive,1,V,150.0,153.0,349,351,,
GmTag225,180767,1.000000,Transmission,Mk10,4,14:05:56 03-Aug-2019,20:31:56 03-Aug-2019,Surface,,,,,23130,23190,1494,21666
GmTag225,180767,1.000000,Transmission,Mk10,4,20:31:56 03-Aug-2019,20:45:34 03-Aug-2019,Dive,1,U,584.0,599.0,817,819,,
GmTag225,180767,1.000000,Transmission,Mk10,4,20:45:34 03-Aug-2019,20:50:30 03-Aug-2019,Surface,,,,,295,297,48,248
GmTag225,180767,1.000000,Transmission,Mk10,4,20:50:30 03-Aug-2019,21:06:10 03-Aug-2019,Dive,1,Square,484.0,491.0,939,941,,
GmTag225,180767,1.000000,Transmission,Mk10,4,21:06:10 03-Aug-2019,21:10:24 03-Aug-2019,Surface,,,,,253,255,49,205
GmTag225,180767,1.000000,Transmission,Mk10,4,21:10:24 03-Aug-2019,21:23:04 03-Aug-2019,Dive,1,U,600.0,615.0,759,761,,
GmTag225,180767,1.000000,Transmission,Mk10,4,21:23:04 03-Aug-2019,21:27:12 03-Aug-2019,Surface,,,,,247,249,64,184
GmTag225,180767,1.000000,Transmission,Mk10,4,21:27:12 03-Aug-2019,21:42:32 03-Aug-2019,Dive,1,Square,552.0,567.0,919,921,,
GmTag225,180767,1.000000,Transmission,Mk10,6,21:42:00 03-Aug-2019,23:10:32 03-Aug-2019,Message,10,,,,5302.000000,5322.000000,,
GmTag225,180767,1.000000,Transmission,Mk10,6,21:42:00 03-Aug-2019,21:45:56 03-Aug-2019,Surface,,,,,235,237,91,145
GmTag225,180767,1.000000,Transmission,Mk10,6,21:45:56 03-Aug-2019,21:58:26 03-Aug-2019,Dive,1,U,664.0,679.0,749,751,,
GmTag225,180767,1.000000,Transmission,Mk10,6,21:58:26 03-Aug-2019,22:03:36 03-Aug-2019,Surface,,,,,309,311,80,230
GmTag225,180767,1.000000,Transmission,Mk10,6,22:03:36 03-Aug-2019,22:17:12 03-Aug-2019,Dive,1,Square,504.0,519.0,815,817,,
GmTag225,180767,1.000000,Transmission,Mk10,6,22:17:12 03-Aug-2019,22:23:14 03-Aug-2019,Surface,,,,,361,363,58,304
GmTag225,180767,1.000000,Transmission,Mk10,6,22:23:14 03-Aug-2019,22:36:50 03-Aug-2019,Dive,1,Square,504.0,519.0,815,817,,
GmTag225,180767,1.000000,Transmission,Mk10,6,22:36:50 03-Aug-2019,22:42:04 03-Aug-2019,Surface,,,,,313,315,71,243
GmTag225,180767,1.000000,Transmission,Mk10,6,22:42:04 03-Aug-2019,22:52:08 03-Aug-2019,Dive,1,U,460.0,467.0,603,605,,
GmTag225,180767,1.000000,Transmission,Mk10,6,22:52:08 03-Aug-2019,22:57:42 03-Aug-2019,Surface,,,,,333,335,54,280
GmTag225,180767,1.000000,Transmission,Mk10,6,22:57:42 03-Aug-2019,23:10:32 03-Aug-2019,Dive,1,U,520.0,535.0,769,771,,
GmTag225,180767,1.000000,Transmission,Mk10,6,23:11:00 03-Aug-2019,01:37:40 04-Aug-2019,Message,9,,,,8791.000000,8809.000000,,
GmTag225,180767,1.000000,Transmission,Mk10,6,23:11:00 03-Aug-2019,00:03:42 04-Aug-2019,Surface,,,,,3161,3163,204,2958
GmTag225,180767,1.000000,Transmission,Mk10,6,00:03:42 04-Aug-2019,00:14:44 04-Aug-2019,Dive,1,U,412.0,419.0,661,663,,
GmTag225,180767,1.000000,Transmission,Mk10,6,00:14:44 04-Aug-2019,00:18:30 04-Aug-2019,Surface,,,,,225,227,36,190
GmTag225,180767,1.000000,Transmission,Mk10,6,00:18:30 04-Aug-2019,00:28:30 04-Aug-2019,Dive,1,U,332.0,339.0,599,601,,
GmTag225,180767,1.000000,Transmission,Mk10,6,00:28:30 04-Aug-2019,00:32:34 04-Aug-2019,Surface,,,,,243,245,55,189
GmTag225,180767,1.000000,Transmission,Mk10,6,00:32:34 04-Aug-2019,00:42:38 04-Aug-2019,Dive,1,V,324.0,331.0,603,605,,
GmTag225,180767,1.000000,Transmission,Mk10,6,00:42:38 04-Aug-2019,00:50:44 04-Aug-2019,Surface,,,,,485,487,47,439
GmTag225,180767,1.000000,Transmission,Mk10,6,00:50:44 04-Aug-2019,00:59:26 04-Aug-2019,Dive,1,U,182.0,185.0,521,523,,
GmTag225,180767,1.000000,Transmission,Mk10,6,00:59:26 04-Aug-2019,01:37:40 04-Aug-2019,Surface,,,,,2293,2295,148,2146
GmTag225,180767,1.000000,Transmission,Mk10,6,01:41:00 04-Aug-2019,09:25:06 04-Aug-2019,Message,9,,,,27837.000000,27855.000000,,
GmTag225,180767,1.000000,Transmission,Mk10,6,01:41:00 04-Aug-2019,02:26:28 04-Aug-2019,Surface,,,,,2727,2729,176,2552
GmTag225,180767,1.000000,Transmission,Mk10,6,02:26:28 04-Aug-2019,02:29:58 04-Aug-2019,Dive,1,V,77.0,78.0,209,211,,
GmTag225,180767,1.000000,Transmission,Mk10,6,02:29:58 04-Aug-2019,06:15:26 04-Aug-2019,Surface,,,,,13527,13529,873,12655
GmTag225,180767,1.000000,Transmission,Mk10,6,06:15:26 04-Aug-2019,06:20:32 04-Aug-2019,Dive,1,V,118.0,121.0,305,307,,
GmTag225,180767,1.000000,Transmission,Mk10,6,06:20:32 04-Aug-2019,07:58:08 04-Aug-2019,Surface,,,,,5855,5857,378,5478
GmTag225,180767,1.000000,Transmission,Mk10,6,07:58:08 04-Aug-2019,08:12:00 04-Aug-2019,Dive,1,U,888.0,903.0,831,833,,
GmTag225,180767,1.000000,Transmission,Mk10,6,08:12:00 04-Aug-2019,09:10:08 04-Aug-2019,Surface,,,,,3487,3489,225,3263
GmTag225,180767,1.000000,Transmission,Mk10,6,09:10:08 04-Aug-2019,09:17:12 04-Aug-2019,Dive,1,U,81.0,82.0,423,425,,
GmTag225,180767,1.000000,Transmission,Mk10,6,09:17:12 04-Aug-2019,09:25:06 04-Aug-2019,Surface,,,,,473,475,31,443
GmTag225,180767,1.000000,Transmission,Mk10,6,09:25:00 04-Aug-2019,12:59:16 04-Aug-2019,Message,9,,,,12847.000000,12865.000000,,
GmTag225,180767,1.000000,Transmission,Mk10,6,09:25:00 04-Aug-2019,09:35:56 04-Aug-2019,Dive,1,U,230.0,233.0,655,657,,
GmTag225,180767,1.000000,Transmission,Mk10,6,09:35:56 04-Aug-2019,09:56:38 04-Aug-2019,Surface,,,,,1241,1243,80,1162
GmTag225,180767,1.000000,Transmission,Mk10,6,09:56:38 04-Aug-2019,10:08:30 04-Aug-2019,Dive,1,U,872.0,887.0,711,713,,
GmTag225,180767,1.000000,Transmission,Mk10,6,10:08:30 04-Aug-2019,11:12:12 04-Aug-2019,Surface,,,,,3821,3823,123,3699
GmTag225,180767,1.000000,Transmission,Mk10,6,11:12:12 04-Aug-2019,11:22:46 04-Aug-2019,Dive,1,U,696.0,711.0,633,635,,
GmTag225,180767,1.000000,Transmission,Mk10,6,11:22:46 04-Aug-2019,12:34:42 04-Aug-2019,Surface,,,,,4315,4317,278,4038
GmTag225,180767,1.000000,Transmission,Mk10,6,12:34:42 04-Aug-2019,12:40:30 04-Aug-2019,Dive,1,U,107.0,108.0,347,349,,
GmTag225,180767,1.000000,Transmission,Mk10,6,12:40:30 04-Aug-2019,12:53:08 04-Aug-2019,Surface,,,,,757,759,49,709
GmTag225,180767,1.000000,Transmission,Mk10,6,12:53:08 04-Aug-2019,12:59:16 04-Aug-2019,Dive,1,V,146.0,149.0,367,369,,
GmTag225,180767,1.000000,Transmission,Mk10,5,12:59:00 04-Aug-2019,16:03:18 04-Aug-2019,Message,9,,,,11049.000000,11067.000000,,
GmTag225,180767,1.000000,Transmission,Mk10,5,12:59:00 04-Aug-2019,13:19:42 04-Aug-2019,Surface,,,,,1241,1243,80,1162
GmTag225,180767,1.000000,Transmission,Mk10,5,13:19:42 04-Aug-2019,13:27:32 04-Aug-2019,Dive,1,U,93.0,94.0,469,471,,
GmTag225,180767,1.000000,Transmission,Mk10,5,13:27:32 04-Aug-2019,13:38:24 04-Aug-2019,Surface,,,,,651,653,42,610
GmTag225,180767,1.000000,Transmission,Mk10,5,13:38:24 04-Aug-2019,13:51:00 04-Aug-2019,Dive,1,U,728.0,743.0,755,757,,
GmTag225,180767,1.000000,Transmission,Mk10,5,13:51:00 04-Aug-2019,15:02:44 04-Aug-2019,Surface,,,,,4303,4305,278,4026
GmTag225,180767,1.000000,Transmission,Mk10,5,15:02:44 04-Aug-2019,15:16:40 04-Aug-2019,Dive,1,U,552.0,567.0,835,837,,
GmTag225,180767,1.000000,Transmission,Mk10,5,15:16:40 04-Aug-2019,15:34:52 04-Aug-2019,Surface,,,,,1091,1093,70,1022
GmTag225,180767,1.000000,Transmission,Mk10,5,15:34:52 04-Aug-2019,15:48:40 04-Aug-2019,Dive,1,U,920.0,935.0,827,829,,
GmTag225,180767,1.000000,Transmission,Mk10,5,15:48:40 04-Aug-2019,16:03:18 04-Aug-2019,Surface,,,,,877,879,57,821
GmTag225,180767,1.000000,Transmission,Mk10,6,16:04:00 04-Aug-2019,20:40:38 04-Aug-2019,Message,9,,,,16589.000000,16607.000000,,
GmTag225,180767,1.000000,Transmission,Mk10,6,16:04:00 04-Aug-2019,16:12:22 04-Aug-2019,Dive,1,U,142.0,145.0,501,503,,
GmTag225,180767,1.000000,Transmission,Mk10,6,16:12:22 04-Aug-2019,16:53:42 04-Aug-2019,Surface,,,,,2479,2481,160,2320
GmTag225,180767,1.000000,Transmission,Mk10,6,16:53:42 04-Aug-2019,17:05:06 04-Aug-2019,Dive,1,U,808.0,823.0,683,685,,
GmTag225,180767,1.000000,Transmission,Mk10,6,17:05:06 04-Aug-2019,17:17:40 04-Aug-2019,Surface,,,,,753,755,97,657
GmTag225,180767,1.000000,Transmission,Mk10,6,17:17:40 04-Aug-2019,17:33:10 04-Aug-2019,Dive,1,V,856.0,871.0,929,931,,
GmTag225,180767,1.000000,Transmission,Mk10,6,17:33:10 04-Aug-2019,20:07:14 04-Aug-2019,Surface,,,,,9243,9245,596,8648
GmTag225,180767,1.000000,Transmission,Mk10,6,20:07:14 04-Aug-2019,20:21:10 04-Aug-2019,Dive,1,Square,536.0,551.0,835,837,,
GmTag225,180767,1.000000,Transmission,Mk10,6,20:21:10 04-Aug-2019,20:26:20 04-Aug-2019,Surface,,,,,309,311,80,230
GmTag225,180767,1.000000,Transmission,Mk10,6,20:26:20 04-Aug-2019,20:40:38 04-Aug-2019,Dive,1,U,584.0,599.0,857,859,,
GmTag225,180767,1.000000,Transmission,Mk10,5,20:40:00 04-Aug-2019,23:30:46 04-Aug-2019,Message,10,,,,10236.000000,10256.000000,,
GmTag225,180767,1.000000,Transmission,Mk10,5,20:40:00 04-Aug-2019,20:44:44 04-Aug-2019,Surface,,,,,283,285,55,229
GmTag225,180767,1.000000,Transmission,Mk10,5,20:44:44 04-Aug-2019,20:58:22 04-Aug-2019,Dive,1,U,920.0,935.0,817,819,,
GmTag225,180767,1.000000,Transmission,Mk10,5,20:58:22 04-Aug-2019,21:30:24 04-Aug-2019,Surface,,,,,1921,1923,124,1798
GmTag225,180767,1.000000,Transmission,Mk10,5,21:30:24 04-Aug-2019,21:44:30 04-Aug-2019,Dive,1,U,888.0,903.0,845,847,,
GmTag225,180767,1.000000,Transmission,Mk10,5,21:44:30 04-Aug-2019,22:17:16 04-Aug-2019,Surface,,,,,1965,1967,190,1776
GmTag225,180767,1.000000,Transmission,Mk10,5,22:17:16 04-Aug-2019,22:25:42 04-Aug-2019,Dive,1,U,268.0,275.0,505,507,,
GmTag225,180767,1.000000,Transmission,Mk10,5,22:25:42 04-Aug-2019,22:31:22 04-Aug-2019,Surface,,,,,339,341,33,307
GmTag225,180767,1.000000,Transmission,Mk10,5,22:31:22 04-Aug-2019,22:43:26 04-Aug-2019,Dive,1,V,776.0,791.0,723,725,,
GmTag225,180767,1.000000,Transmission,Mk10,5,22:43:26 04-Aug-2019,23:21:46 04-Aug-2019,Surface,,,,,2299,2301,148,2152
GmTag225,180767,1.000000,Transmission,Mk10,5,23:21:46 04-Aug-2019,23:30:46 04-Aug-2019,Dive,1,Square,260.0,267.0,539,541,,
GmTag225,180767,1.000000,Transmission,Mk10,6,23:31:00 04-Aug-2019,00:42:08 05-Aug-2019,Message,10,,,,4258.000000,4278.000000,,
GmTag225,180767,1.000000,Transmission,Mk10,6,23:31:00 04-Aug-2019,23:35:44 04-Aug-2019,Surface,,,,,283,285,37,247
GmTag225,180767,1.000000,Transmission,Mk10,6,23:35:44 04-Aug-2019,23:45:52 04-Aug-2019,Dive,1,U,380.0,387.0,607,609,,
GmTag225,180767,1.000000,Transmission,Mk10,6,23:45:52 04-Aug-2019,23:50:56 04-Aug-2019,Surface,,,,,303,305,39,265
GmTag225,180767,1.000000,Transmission,Mk10,6,23:50:56 04-Aug-2019,00:00:58 05-Aug-2019,Dive,1,U,364.0,371.0,601,603,,
GmTag225,180767,1.000000,Transmission,Mk10,6,00:00:58 05-Aug-2019,00:05:50 05-Aug-2019,Surface,,,,,291,293,28,264
GmTag225,180767,1.000000,Transmission,Mk10,6,00:05:50 05-Aug-2019,00:14:18 05-Aug-2019,Dive,1,U,260.0,267.0,507,509,,
GmTag225,180767,1.000000,Transmission,Mk10,6,00:14:18 05-Aug-2019,00:18:56 05-Aug-2019,Surface,,,,,277,279,36,242
GmTag225,180767,1.000000,Transmission,Mk10,6,00:18:56 05-Aug-2019,00:28:32 05-Aug-2019,Dive,1,V,332.0,339.0,575,577,,
GmTag225,180767,1.000000,Transmission,Mk10,6,00:28:32 05-Aug-2019,00:33:18 05-Aug-2019,Surface,,,,,285,287,46,240
GmTag225,180767,1.000000,Transmission,Mk10,6,00:33:18 05-Aug-2019,00:42:08 05-Aug-2019,Dive,1,U,308.0,315.0,529,531,,
GmTag225,180767,1.000000,Transmission,Mk10,4,00:42:00 05-Aug-2019,07:47:30 05-Aug-2019,Message,10,,,,25491.000000,25569.000000,,
GmTag225,180767,1.000000,Transmission,Mk10,4,00:42:00 05-Aug-2019,01:03:54 05-Aug-2019,Surface,,,,,1313,1315,85,1229
GmTag225,180767,1.000000,Transmission,Mk10,4,01:03:54 05-Aug-2019,01:12:44 05-Aug-2019,Dive,1,U,372.0,379.0,529,531,,
GmTag225,180767,1.000000,Transmission,Mk10,4,01:12:44 05-Aug-2019,01:20:52 05-Aug-2019,Surface,,,,,487,489,63,425
GmTag225,180767,1.000000,Transmission,Mk10,4,01:20:52 05-Aug-2019,01:29:20 05-Aug-2019,Dive,1,U,244.0,251.0,507,509,,
GmTag225,180767,1.000000,Transmission,Mk10,4,01:29:20 05-Aug-2019,01:41:18 05-Aug-2019,Surface,,,,,717,719,69,649
GmTag225,180767,1.000000,Transmission,Mk10,4,01:41:18 05-Aug-2019,01:48:56 05-Aug-2019,Dive,1,Square,118.0,121.0,457,459,,
GmTag225,180767,1.000000,Transmission,Mk10,4,01:48:56 05-Aug-2019,07:19:56 05-Aug-2019,Surface,,,,,19830,19890,1281,18579
GmTag225,180767,1.000000,Transmission,Mk10,4,07:19:56 05-Aug-2019,07:31:18 05-Aug-2019,Dive,1,U,268.0,275.0,681,683,,
GmTag225,180767,1.000000,Transmission,Mk10,4,07:31:18 05-Aug-2019,07:34:02 05-Aug-2019,Surface,,,,,163,165,26,138
GmTag225,180767,1.000000,Transmission,Mk10,4,07:34:02 05-Aug-2019,07:47:30 05-Aug-2019,Dive,1,U,460.0,467.0,807,809,,
GmTag225,180767,1.000000,Transmission,Mk10,2,07:47:00 05-Aug-2019,09:57:54 05-Aug-2019,Message,10,,,,7844.000000,7864.000000,,
GmTag225,180767,1.000000,Transmission,Mk10,2,07:47:00 05-Aug-2019,08:11:36 05-Aug-2019,Surface,,,,,1475,1477,95,1381
GmTag225,180767,1.000000,Transmission,Mk10,2,08:11:36 05-Aug-2019,08:22:14 05-Aug-2019,Dive,1,U,214.0,217.0,637,639,,
GmTag225,180767,1.000000,Transmission,Mk10,2,08:22:14 05-Aug-2019,08:46:18 05-Aug-2019,Surface,,,,,1443,1445,47,1397
GmTag225,180767,1.000000,Transmission,Mk10,2,08:46:18 05-Aug-2019,08:58:50 05-Aug-2019,Dive,1,U,412.0,419.0,751,753,,
GmTag225,180767,1.000000,Transmission,Mk10,2,08:58:50 05-Aug-2019,09:03:24 05-Aug-2019,Surface,,,,,273,275,44,230
GmTag225,180767,1.000000,Transmission,Mk10,2,09:03:24 05-Aug-2019,09:17:28 05-Aug-2019,Dive,1,U,484.0,491.0,843,845,,
GmTag225,180767,1.000000,Transmission,Mk10,2,09:17:28 05-Aug-2019,09:21:08 05-Aug-2019,Surface,,,,,219,221,28,192
GmTag225,180767,1.000000,Transmission,Mk10,2,09:21:08 05-Aug-2019,09:36:08 05-Aug-2019,Dive,1,U,412.0,419.0,899,901,,
GmTag225,180767,1.000000,Transmission,Mk10,2,09:36:08 05-Aug-2019,09:41:06 05-Aug-2019,Surface,,,,,297,299,29,269
GmTag225,180767,1.000000,Transmission,Mk10,2,09:41:06 05-Aug-2019,09:57:54 05-Aug-2019,Dive,1,U,364.0,371.0,1007,1009,,
GmTag225,180767,1.000000,Transmission,Mk10,6,09:58:00 05-Aug-2019,12:54:32 05-Aug-2019,Message,10,,,,10582.000000,10602.000000,,
GmTag225,180767,1.000000,Transmission,Mk10,6,09:58:00 05-Aug-2019,10:01:44 05-Aug-2019,Surface,,,,,223,225,29,195
GmTag225,180767,1.000000,Transmission,Mk10,6,10:01:44 05-Aug-2019,10:15:40 05-Aug-2019,Dive,1,Square,356.0,363.0,835,837,,
GmTag225,180767,1.000000,Transmission,Mk10,6,10:15:40 05-Aug-2019,10:19:36 05-Aug-2019,Surface,,,,,235,237,30,206
GmTag225,180767,1.000000,Transmission,Mk10,6,10:19:36 05-Aug-2019,10:34:28 05-Aug-2019,Dive,1,U,520.0,535.0,891,893,,
GmTag225,180767,1.000000,Transmission,Mk10,6,10:34:28 05-Aug-2019,10:39:08 05-Aug-2019,Surface,,,,,279,281,36,244
GmTag225,180767,1.000000,Transmission,Mk10,6,10:39:08 05-Aug-2019,10:53:16 05-Aug-2019,Dive,1,U,520.0,535.0,847,849,,
GmTag225,180767,1.000000,Transmission,Mk10,6,10:53:16 05-Aug-2019,12:18:48 05-Aug-2019,Surface,,,,,5131,5133,166,4966
GmTag225,180767,1.000000,Transmission,Mk10,6,12:18:48 05-Aug-2019,12:31:56 05-Aug-2019,Dive,1,U,552.0,567.0,787,789,,
GmTag225,180767,1.000000,Transmission,Mk10,6,12:31:56 05-Aug-2019,12:38:54 05-Aug-2019,Surface,,,,,417,419,54,364
GmTag225,180767,1.000000,Transmission,Mk10,6,12:38:54 05-Aug-2019,12:54:32 05-Aug-2019,Dive,1,Square,568.0,583.0,937,939,,
GmTag225,180767,1.000000,Transmission,Mk10,3,12:54:00 05-Aug-2019,18:18:32 05-Aug-2019,Message,10,,,,19462.000000,19482.000000,,
GmTag225,180767,1.000000,Transmission,Mk10,3,12:54:00 05-Aug-2019,13:02:30 05-Aug-2019,Surface,,,,,509,511,66,444
GmTag225,180767,1.000000,Transmission,Mk10,3,13:02:30 05-Aug-2019,13:16:54 05-Aug-2019,Dive,1,U,584.0,599.0,863,865,,
GmTag225,180767,1.000000,Transmission,Mk10,3,13:16:54 05-Aug-2019,16:55:34 05-Aug-2019,Surface,,,,,13119,13121,423,12697
GmTag225,180767,1.000000,Transmission,Mk10,3,16:55:34 05-Aug-2019,17:09:44 05-Aug-2019,Dive,1,U,600.0,615.0,849,851,,
GmTag225,180767,1.000000,Transmission,Mk10,3,17:09:44 05-Aug-2019,17:17:02 05-Aug-2019,Surface,,,,,437,439,57,381
GmTag225,180767,1.000000,Transmission,Mk10,3,17:17:02 05-Aug-2019,17:33:22 05-Aug-2019,Dive,1,U,632.0,647.0,979,981,,
GmTag225,180767,1.000000,Transmission,Mk10,3,17:33:22 05-Aug-2019,17:40:14 05-Aug-2019,Surface,,,,,411,413,66,346
GmTag225,180767,1.000000,Transmission,Mk10,3,17:40:14 05-Aug-2019,17:57:28 05-Aug-2019,Dive,1,Square,568.0,583.0,1033,1035,,
GmTag225,180767,1.000000,Transmission,Mk10,3,17:57:28 05-Aug-2019,18:02:26 05-Aug-2019,Surface,,,,,297,299,58,240
GmTag225,180767,1.000000,Transmission,Mk10,3,18:02:26 05-Aug-2019,18:18:32 05-Aug-2019,Dive,1,Square,568.0,583.0,965,967,,
GmTag225,180767,1.000000,Transmission,Mk10,7,18:19:00 05-Aug-2019,21:38:54 05-Aug-2019,Message,10,,,,11984.000000,12004.000000,,
GmTag225,180767,1.000000,Transmission,Mk10,7,18:19:00 05-Aug-2019,18:24:58 05-Aug-2019,Surface,,,,,357,359,58,300
GmTag225,180767,1.000000,Transmission,Mk10,7,18:24:58 05-Aug-2019,18:41:38 05-Aug-2019,Dive,1,U,568.0,583.0,999,1001,,
GmTag225,180767,1.000000,Transmission,Mk10,7,18:41:38 05-Aug-2019,20:27:44 05-Aug-2019,Surface,,,,,6365,6367,411,5955
GmTag225,180767,1.000000,Transmission,Mk10,7,20:27:44 05-Aug-2019,20:42:26 05-Aug-2019,Dive,1,U,600.0,615.0,881,883,,
GmTag225,180767,1.000000,Transmission,Mk10,7,20:42:26 05-Aug-2019,20:47:14 05-Aug-2019,Surface,,,,,287,289,74,214
GmTag225,180767,1.000000,Transmission,Mk10,7,20:47:14 05-Aug-2019,21:02:42 05-Aug-2019,Dive,1,U,520.0,535.0,927,929,,
GmTag225,180767,1.000000,Transmission,Mk10,7,21:02:42 05-Aug-2019,21:06:24 05-Aug-2019,Surface,,,,,221,223,36,186
GmTag225,180767,1.000000,Transmission,Mk10,7,21:06:24 05-Aug-2019,21:19:58 05-Aug-2019,Dive,1,U,552.0,567.0,813,815,,
GmTag225,180767,1.000000,Transmission,Mk10,7,21:19:58 05-Aug-2019,21:24:58 05-Aug-2019,Surface,,,,,299,301,39,261
GmTag225,180767,1.000000,Transmission,Mk10,7,21:24:58 05-Aug-2019,21:38:54 05-Aug-2019,Dive,1,U,552.0,567.0,835,837,,
GmTag225,180767,1.000000,Transmission,Mk10,5,21:39:00 05-Aug-2019,23:20:26 05-Aug-2019,Message,10,,,,6076.000000,6096.000000,,
GmTag225,180767,1.000000,Transmission,Mk10,5,21:39:00 05-Aug-2019,21:44:20 05-Aug-2019,Surface,,,,,319,321,31,289
GmTag225,180767,1.000000,Transmission,Mk10,5,21:44:20 05-Aug-2019,22:00:48 05-Aug-2019,Dive,1,U,552.0,567.0,987,989,,
GmTag225,180767,1.000000,Transmission,Mk10,5,22:00:48 05-Aug-2019,22:09:50 05-Aug-2019,Surface,,,,,541,543,52,490
GmTag225,180767,1.000000,Transmission,Mk10,5,22:09:50 05-Aug-2019,22:23:54 05-Aug-2019,Dive,1,U,536.0,551.0,843,845,,
GmTag225,180767,1.000000,Transmission,Mk10,5,22:23:54 05-Aug-2019,22:29:54 05-Aug-2019,Surface,,,,,359,361,58,302
GmTag225,180767,1.000000,Transmission,Mk10,5,22:29:54 05-Aug-2019,22:44:02 05-Aug-2019,Dive,1,U,536.0,551.0,847,849,,
GmTag225,180767,1.000000,Transmission,Mk10,5,22:44:02 05-Aug-2019,22:50:46 05-Aug-2019,Surface,,,,,403,405,65,339
GmTag225,180767,1.000000,Transmission,Mk10,5,22:50:46 05-Aug-2019,23:03:40 05-Aug-2019,Dive,1,U,492.0,503.0,773,775,,
GmTag225,180767,1.000000,Transmission,Mk10,5,23:03:40 05-Aug-2019,23:07:52 05-Aug-2019,Surface,,,,,251,253,33,219
GmTag225,180767,1.000000,Transmission,Mk10,5,23:07:52 05-Aug-2019,23:20:26 05-Aug-2019,Dive,1,U,444.0,451.0,753,755,,
GmTag225,180767,1.000000,Transmission,Mk10,5,23:20:00 05-Aug-2019,00:52:02 06-Aug-2019,Message,10,,,,5512.000000,5532.000000,,
GmTag225,180767,1.000000,Transmission,Mk10,5,23:20:00 05-Aug-2019,23:24:32 05-Aug-2019,Surface,,,,,271,273,44,228
GmTag225,180767,1.000000,Transmission,Mk10,5,23:24:32 05-Aug-2019,23:38:02 05-Aug-2019,Dive,1,U,504.0,519.0,809,811,,
GmTag225,180767,1.000000,Transmission,Mk10,5,23:38:02 05-Aug-2019,23:44:46 05-Aug-2019,Surface,,,,,403,405,52,352
GmTag225,180767,1.000000,Transmission,Mk10,5,23:44:46 05-Aug-2019,23:56:54 05-Aug-2019,Dive,1,V,504.0,519.0,727,729,,
GmTag225,180767,1.000000,Transmission,Mk10,5,23:56:54 05-Aug-2019,00:01:40 06-Aug-2019,Surface,,,,,285,287,37,249
GmTag225,180767,1.000000,Transmission,Mk10,5,00:01:40 06-Aug-2019,00:18:26 06-Aug-2019,Dive,1,V,840.0,855.0,1005,1007,,
GmTag225,180767,1.000000,Transmission,Mk10,5,00:18:26 06-Aug-2019,00:24:00 06-Aug-2019,Surface,,,,,333,335,43,291
GmTag225,180767,1.000000,Transmission,Mk10,5,00:24:00 06-Aug-2019,00:27:48 06-Aug-2019,Dive,1,U,109.0,110.0,227,229,,
GmTag225,180767,1.000000,Transmission,Mk10,5,00:27:48 06-Aug-2019,00:36:38 06-Aug-2019,Surface,,,,,529,531,51,479
GmTag225,180767,1.000000,Transmission,Mk10,5,00:36:38 06-Aug-2019,00:52:02 06-Aug-2019,Dive,1,U,1000.0,1023.0,923,925,,
GmTag225,180767,1.000000,Transmission,Mk10,3,00:52:00 06-Aug-2019,07:39:06 06-Aug-2019,Message,9,,,,24388.000000,24464.000000,,
GmTag225,180767,1.000000,Transmission,Mk10,3,00:52:00 06-Aug-2019,00:57:58 06-Aug-2019,Surface,,,,,357,359,58,300
GmTag225,180767,1.000000,Transmission,Mk10,3,00:57:58 06-Aug-2019,01:12:32 06-Aug-2019,Dive,1,U,1024.0,1055.0,873,875,,
GmTag225,180767,1.000000,Transmission,Mk10,3,01:12:32 06-Aug-2019,05:57:32 06-Aug-2019,Surface,,,,,17070,17130,1103,15997
GmTag225,180767,1.000000,Transmission,Mk10,3,05:57:32 06-Aug-2019,06:09:38 06-Aug-2019,Dive,1,U,492.0,503.0,725,727,,
GmTag225,180767,1.000000,Transmission,Mk10,3,06:09:38 06-Aug-2019,06:15:42 06-Aug-2019,Surface,,,,,363,365,82,282
GmTag225,180767,1.000000,Transmission,Mk10,3,06:15:42 06-Aug-2019,06:27:08 06-Aug-2019,Dive,1,U,206.0,209.0,685,687,,
GmTag225,180767,1.000000,Transmission,Mk10,3,06:27:08 06-Aug-2019,07:18:24 06-Aug-2019,Surface,,,,,3075,3077,198,2878
GmTag225,180767,1.000000,Transmission,Mk10,3,07:18:24 06-Aug-2019,07:32:10 06-Aug-2019,Dive,1,U,504.0,519.0,825,827,,
GmTag225,180767,1.000000,Transmission,Mk10,3,07:32:10 06-Aug-2019,07:39:06 06-Aug-2019,Surface,,,,,415,417,54,362
GmTag225,180767,1.000000,Transmission,Mk10,2,07:39:00 06-Aug-2019,09:46:36 06-Aug-2019,Message,10,,,,7646.000000,7666.000000,,
GmTag225,180767,1.000000,Transmission,Mk10,2,07:39:00 06-Aug-2019,07:49:10 06-Aug-2019,Dive,1,U,412.0,419.0,609,611,,
GmTag225,180767,1.000000,Transmission,Mk10,2,07:49:10 06-Aug-2019,08:04:48 06-Aug-2019,Surface,,,,,937,939,91,847
GmTag225,180767,1.000000,Transmission,Mk10,2,08:04:48 06-Aug-2019,08:16:52 06-Aug-2019,Dive,1,U,372.0,379.0,723,725,,
GmTag225,180767,1.000000,Transmission,Mk10,2,08:16:52 06-Aug-2019,08:21:30 06-Aug-2019,Surface,,,,,277,279,45,233
GmTag225,180767,1.000000,Transmission,Mk10,2,08:21:30 06-Aug-2019,08:33:32 06-Aug-2019,Dive,1,U,380.0,387.0,721,723,,
GmTag225,180767,1.000000,Transmission,Mk10,2,08:33:32 06-Aug-2019,08:35:54 06-Aug-2019,Surface,,,,,141,143,23,119
GmTag225,180767,1.000000,Transmission,Mk10,2,08:35:54 06-Aug-2019,08:50:40 06-Aug-2019,Dive,1,U,1000.0,1023.0,885,887,,
GmTag225,180767,1.000000,Transmission,Mk10,2,08:50:40 06-Aug-2019,09:27:34 06-Aug-2019,Surface,,,,,2213,2215,214,2000
GmTag225,180767,1.000000,Transmission,Mk10,2,09:27:34 06-Aug-2019,09:39:22 06-Aug-2019,Dive,1,U,776.0,791.0,707,709,,
GmTag225,180767,1.000000,Transmission,Mk10,2,09:39:22 06-Aug-2019,09:46:36 06-Aug-2019,Surface,,,,,433,435,56,378
GmTag225,180767,1.000000,Transmission,Mk10,4,09:46:00 06-Aug-2019,11:37:02 06-Aug-2019,Message,10,,,,6652.000000,6672.000000,,
GmTag225,180767,1.000000,Transmission,Mk10,4,09:46:00 06-Aug-2019,09:55:14 06-Aug-2019,Dive,1,U,206.0,209.0,553,555,,
GmTag225,180767,1.000000,Transmission,Mk10,4,09:55:14 06-Aug-2019,09:59:10 06-Aug-2019,Surface,,,,,235,237,23,213
GmTag225,180767,1.000000,Transmission,Mk10,4,09:59:10 06-Aug-2019,10:08:30 06-Aug-2019,Dive,1,Square,252.0,259.0,559,561,,
GmTag225,180767,1.000000,Transmission,Mk10,4,10:08:30 06-Aug-2019,10:14:22 06-Aug-2019,Surface,,,,,351,353,34,318
GmTag225,180767,1.000000,Transmission,Mk10,4,10:14:22 06-Aug-2019,10:24:38 06-Aug-2019,Dive,1,U,696.0,711.0,615,617,,
GmTag225,180767,1.000000,Transmission,Mk10,4,10:24:38 06-Aug-2019,11:06:36 06-Aug-2019,Surface,,,,,2517,2519,162,2356
GmTag225,180767,1.000000,Transmission,Mk10,4,11:06:36 06-Aug-2019,11:13:44 06-Aug-2019,Dive,1,U,222.0,225.0,427,429,,
GmTag225,180767,1.000000,Transmission,Mk10,4,11:13:44 06-Aug-2019,11:17:50 06-Aug-2019,Surface,,,,,245,247,24,222
GmTag225,180767,1.000000,Transmission,Mk10,4,11:17:50 06-Aug-2019,11:24:56 06-Aug-2019,Dive,1,U,348.0,355.0,425,427,,
GmTag225,180767,1.000000,Transmission,Mk10,4,11:24:56 06-Aug-2019,11:37:02 06-Aug-2019,Surface,,,,,725,727,70,656
GmTag225,180767,1.000000,Transmission,Mk10,4,11:37:00 06-Aug-2019,16:00:34 06-Aug-2019,Message,10,,,,15804.000000,15824.000000,,
GmTag225,180767,1.000000,Transmission,Mk10,4,11:37:00 06-Aug-2019,11:44:26 06-Aug-2019,Dive,1,Square,226.0,229.0,445,447,,
GmTag225,180767,1.000000,Transmission,Mk10,4,11:44:26 06-Aug-2019,11:53:46 06-Aug-2019,Surface,,,,,559,561,54,506
GmTag225,180767,1.000000,Transmission,Mk10,4,11:53:46 06-Aug-2019,12:04:36 06-Aug-2019,Dive,1,U,444.0,451.0,649,651,,
GmTag225,180767,1.000000,Transmission,Mk10,4,12:04:36 06-Aug-2019,12:14:22 06-Aug-2019,Surface,,,,,585,587,57,529
GmTag225,180767,1.000000,Transmission,Mk10,4,12:14:22 06-Aug-2019,12:23:24 06-Aug-2019,Dive,1,U,600.0,615.0,541,543,,
GmTag225,180767,1.000000,Transmission,Mk10,4,12:23:24 06-Aug-2019,12:27:18 06-Aug-2019,Surface,,,,,233,235,45,189
GmTag225,180767,1.000000,Transmission,Mk10,4,12:27:18 06-Aug-2019,12:36:34 06-Aug-2019,Dive,1,U,568.0,583.0,555,557,,
GmTag225,180767,1.000000,Transmission,Mk10,4,12:36:34 06-Aug-2019,12:44:38 06-Aug-2019,Surface,,,,,483,485,62,422
GmTag225,180767,1.000000,Transmission,Mk10,4,12:44:38 06-Aug-2019,12:53:22 06-Aug-2019,Dive,1,U,552.0,567.0,523,525,,
GmTag225,180767,1.000000,Transmission,Mk10,4,12:53:22 06-Aug-2019,16:00:34 06-Aug-2019,Surface,,,,,11231,11233,725,10507
GmTag225,180767,1.000000,Transmission,Mk10,2,16:01:00 06-Aug-2019,19:10:52 06-Aug-2019,Message,10,,,,11382.000000,11402.000000,,
GmTag225,180767,1.000000,Transmission,Mk10,2,16:01:00 06-Aug-2019,16:09:20 06-Aug-2019,Dive,1,U,468.0,475.0,499,501,,
GmTag225,180767,1.000000,Transmission,Mk10,2,16:09:20 06-Aug-2019,16:13:20 06-Aug-2019,Surface,,,,,239,241,70,170
GmTag225,180767,1.000000,Transmission,Mk10,2,16:13:20 06-Aug-2019,16:20:06 06-Aug-2019,Dive,1,U,284.0,291.0,405,407,,
GmTag225,180767,1.000000,Transmission,Mk10,2,16:20:06 06-Aug-2019,17:11:00 06-Aug-2019,Surface,,,,,3053,3055,197,2857
GmTag225,180767,1.000000,Transmission,Mk10,2,17:11:00 06-Aug-2019,17:20:58 06-Aug-2019,Dive,1,U,396.0,403.0,597,599,,
GmTag225,180767,1.000000,Transmission,Mk10,2,17:20:58 06-Aug-2019,17:24:10 06-Aug-2019,Surface,,,,,191,193,43,149
GmTag225,180767,1.000000,Transmission,Mk10,2,17:24:10 06-Aug-2019,17:31:24 06-Aug-2019,Dive,1,U,364.0,371.0,433,435,,
GmTag225,180767,1.000000,Transmission,Mk10,2,17:31:24 06-Aug-2019,17:35:42 06-Aug-2019,Surface,,,,,257,259,42,216
GmTag225,180767,1.000000,Transmission,Mk10,2,17:35:42 06-Aug-2019,17:45:22 06-Aug-2019,Dive,1,U,404.0,411.0,579,581,,
GmTag225,180767,1.000000,Transmission,Mk10,2,17:45:22 06-Aug-2019,19:10:52 06-Aug-2019,Surface,,,,,5129,5131,331,4799
GmTag225,180767,1.000000,Transmission,Mk10,6,19:11:00 06-Aug-2019,23:03:58 06-Aug-2019,Message,9,,,,13969.000000,13987.000000,,
GmTag225,180767,1.000000,Transmission,Mk10,6,19:11:00 06-Aug-2019,19:19:44 06-Aug-2019,Dive,1,U,492.0,503.0,523,525,,
GmTag225,180767,1.000000,Transmission,Mk10,6,19:19:44 06-Aug-2019,20:52:42 06-Aug-2019,Surface,,,,,5577,5579,360,5218
GmTag225,180767,1.000000,Transmission,Mk10,6,20:52:42 06-Aug-2019,21:00:42 06-Aug-2019,Dive,1,U,552.0,567.0,479,481,,
GmTag225,180767,1.000000,Transmission,Mk10,6,21:00:42 06-Aug-2019,21:38:24 06-Aug-2019,Surface,,,,,2261,2263,219,2043
GmTag225,180767,1.000000,Transmission,Mk10,6,21:38:24 06-Aug-2019,21:46:48 06-Aug-2019,Dive,1,U,460.0,467.0,503,505,,
GmTag225,180767,1.000000,Transmission,Mk10,6,21:46:48 06-Aug-2019,21:49:40 06-Aug-2019,Surface,,,,,171,173,44,128
GmTag225,180767,1.000000,Transmission,Mk10,6,21:49:40 06-Aug-2019,21:58:36 06-Aug-2019,Dive,1,U,568.0,583.0,535,537,,
GmTag225,180767,1.000000,Transmission,Mk10,6,21:58:36 06-Aug-2019,22:54:08 06-Aug-2019,Surface,,,,,3331,3333,215,3117
GmTag225,180767,1.000000,Transmission,Mk10,6,22:54:08 06-Aug-2019,23:03:58 06-Aug-2019,Dive,1,U,428.0,435.0,589,591,,
GmTag225,180767,1.000000,Transmission,Mk10,3,23:03:00 06-Aug-2019,01:39:24 07-Aug-2019,Message,10,,,,9374.000000,9394.000000,,
GmTag225,180767,1.000000,Transmission,Mk10,3,23:03:00 06-Aug-2019,00:25:06 07-Aug-2019,Surface,,,,,4925,4927,318,4608
GmTag225,180767,1.000000,Transmission,Mk10,3,00:25:06 07-Aug-2019,00:31:22 07-Aug-2019,Dive,1,U,105.0,106.0,375,377,,
GmTag225,180767,1.000000,Transmission,Mk10,3,00:31:22 07-Aug-2019,00:34:16 07-Aug-2019,Surface,,,,,173,175,11,163
GmTag225,180767,1.000000,Transmission,Mk10,3,00:34:16 07-Aug-2019,00:44:14 07-Aug-2019,Dive,1,Square,114.0,117.0,597,599,,
GmTag225,180767,1.000000,Transmission,Mk10,3,00:44:14 07-Aug-2019,00:46:22 07-Aug-2019,Surface,,,,,127,129,33,95
GmTag225,180767,1.000000,Transmission,Mk10,3,00:46:22 07-Aug-2019,00:52:46 07-Aug-2019,Dive,1,U,77.0,78.0,383,385,,
GmTag225,180767,1.000000,Transmission,Mk10,3,00:52:46 07-Aug-2019,01:00:14 07-Aug-2019,Surface,,,,,447,449,29,419
GmTag225,180767,1.000000,Transmission,Mk10,3,01:00:14 07-Aug-2019,01:06:18 07-Aug-2019,Dive,1,U,77.0,78.0,363,365,,
GmTag225,180767,1.000000,Transmission,Mk10,3,01:06:18 07-Aug-2019,01:33:40 07-Aug-2019,Surface,,,,,1641,1643,106,1536
GmTag225,180767,1.000000,Transmission,Mk10,3,01:33:40 07-Aug-2019,01:39:24 07-Aug-2019,Dive,1,V,83.0,84.0,343,345,,
GmTag225,180767,1.000000,Transmission,Mk10,1,19:51:00 07-Aug-2019,21:24:20 07-Aug-2019,Message,10,,,,5590.000000,5610.000000,,
GmTag225,180767,1.000000,Transmission,Mk10,1,19:51:00 07-Aug-2019,19:54:50 07-Aug-2019,Surface,,,,,229,231,52,178
GmTag225,180767,1.000000,Transmission,Mk10,1,19:54:50 07-Aug-2019,20:07:58 07-Aug-2019,Dive,1,U,648.0,663.0,787,789,,
GmTag225,180767,1.000000,Transmission,Mk10,1,20:07:58 07-Aug-2019,20:12:58 07-Aug-2019,Surface,,,,,299,301,48,252
GmTag225,180767,1.000000,Transmission,Mk10,1,20:12:58 07-Aug-2019,20:24:50 07-Aug-2019,Dive,1,U,552.0,567.0,711,713,,
GmTag225,180767,1.000000,Transmission,Mk10,1,20:24:50 07-Aug-2019,20:32:04 07-Aug-2019,Surface,,,,,433,435,42,392
GmTag225,180767,1.000000,Transmission,Mk10,1,20:32:04 07-Aug-2019,20:46:38 07-Aug-2019,Dive,1,U,520.0,535.0,873,875,,
GmTag225,180767,1.000000,Transmission,Mk10,1,20:46:38 07-Aug-2019,20:54:10 07-Aug-2019,Surface,,,,,451,453,44,408
GmTag225,180767,1.000000,Transmission,Mk10,1,20:54:10 07-Aug-2019,21:05:56 07-Aug-2019,Dive,1,Square,300.0,307.0,705,707,,
GmTag225,180767,1.000000,Transmission,Mk10,1,21:05:56 07-Aug-2019,21:11:12 07-Aug-2019,Surface,,,,,315,317,41,275
GmTag225,180767,1.000000,Transmission,Mk10,1,21:11:12 07-Aug-2019,21:24:20 07-Aug-2019,Dive,1,U,492.0,503.0,787,789,,
GmTag225,180767,1.000000,Transmission,Mk10,2,21:24:00 07-Aug-2019,22:48:22 07-Aug-2019,Message,10,,,,5052.000000,5072.000000,,
GmTag225,180767,1.000000,Transmission,Mk10,2,21:24:00 07-Aug-2019,21:29:04 07-Aug-2019,Surface,,,,,303,305,49,255
GmTag225,180767,1.000000,Transmission,Mk10,2,21:29:04 07-Aug-2019,21:41:34 07-Aug-2019,Dive,1,Square,484.0,491.0,749,751,,
GmTag225,180767,1.000000,Transmission,Mk10,2,21:41:34 07-Aug-2019,21:47:44 07-Aug-2019,Surface,,,,,369,371,48,322
GmTag225,180767,1.000000,Transmission,Mk10,2,21:47:44 07-Aug-2019,21:59:04 07-Aug-2019,Dive,1,U,436.0,443.0,679,681,,
GmTag225,180767,1.000000,Transmission,Mk10,2,21:59:04 07-Aug-2019,22:03:50 07-Aug-2019,Surface,,,,,285,287,37,249
GmTag225,180767,1.000000,Transmission,Mk10,2,22:03:50 07-Aug-2019,22:14:14 07-Aug-2019,Dive,1,U,460.0,467.0,623,625,,
GmTag225,180767,1.000000,Transmission,Mk10,2,22:14:14 07-Aug-2019,22:19:20 07-Aug-2019,Surface,,,,,305,307,39,267
GmTag225,180767,1.000000,Transmission,Mk10,2,22:19:20 07-Aug-2019,22:31:16 07-Aug-2019,Dive,1,U,452.0,459.0,715,717,,
GmTag225,180767,1.000000,Transmission,Mk10,2,22:31:16 07-Aug-2019,22:36:30 07-Aug-2019,Surface,,,,,313,315,51,263
GmTag225,180767,1.000000,Transmission,Mk10,2,22:36:30 07-Aug-2019,22:48:22 07-Aug-2019,Dive,1,U,444.0,451.0,711,713,,
GmTag225,180767,1.000000,Transmission,Mk10,1,00:14:00 08-Aug-2019,01:28:06 08-Aug-2019,Message,10,,,,4436.000000,4456.000000,,
GmTag225,180767,1.000000,Transmission,Mk10,1,00:14:00 08-Aug-2019,00:21:34 08-Aug-2019,Surface,,,,,453,455,44,410
GmTag225,180767,1.000000,Transmission,Mk10,1,00:21:34 08-Aug-2019,00:31:20 08-Aug-2019,Dive,1,U,356.0,363.0,585,587,,
GmTag225,180767,1.000000,Transmission,Mk10,1,00:31:20 08-Aug-2019,00:40:42 08-Aug-2019,Surface,,,,,561,563,54,508
GmTag225,180767,1.000000,Transmission,Mk10,1,00:40:42 08-Aug-2019,00:46:42 08-Aug-2019,Dive,1,V,85.0,86.0,359,361,,
GmTag225,180767,1.000000,Transmission,Mk10,1,00:46:42 08-Aug-2019,00:49:52 08-Aug-2019,Surface,,,,,189,191,25,165
GmTag225,180767,1.000000,Transmission,Mk10,1,00:49:52 08-Aug-2019,00:58:38 08-Aug-2019,Dive,1,U,476.0,483.0,525,527,,
GmTag225,180767,1.000000,Transmission,Mk10,1,00:58:38 08-Aug-2019,01:04:18 08-Aug-2019,Surface,,,,,339,341,44,296
GmTag225,180767,1.000000,Transmission,Mk10,1,01:04:18 08-Aug-2019,01:13:00 08-Aug-2019,Dive,1,Square,324.0,331.0,521,523,,
GmTag225,180767,1.000000,Transmission,Mk10,1,01:13:00 08-Aug-2019,01:18:14 08-Aug-2019,Surface,,,,,313,315,41,273
GmTag225,180767,1.000000,Transmission,Mk10,1,01:18:14 08-Aug-2019,01:28:06 08-Aug-2019,Dive,1,U,492.0,503.0,591,593,,
GmTag225,180767,1.000000,Transmission,Mk10,1,09:21:00 08-Aug-2019,11:42:42 08-Aug-2019,Message,10,,,,8492.000000,8512.000000,,
GmTag225,180767,1.000000,Transmission,Mk10,1,09:21:00 08-Aug-2019,09:42:10 08-Aug-2019,Surface,,,,,1269,1271,82,1188
GmTag225,180767,1.000000,Transmission,Mk10,1,09:42:10 08-Aug-2019,09:54:48 08-Aug-2019,Dive,1,U,840.0,855.0,757,759,,
GmTag225,180767,1.000000,Transmission,Mk10,1,09:54:48 08-Aug-2019,10:20:26 08-Aug-2019,Surface,,,,,1537,1539,99,1439
GmTag225,180767,1.000000,Transmission,Mk10,1,10:20:26 08-Aug-2019,10:28:58 08-Aug-2019,Dive,1,Square,218.0,221.0,511,513,,
GmTag225,180767,1.000000,Transmission,Mk10,1,10:28:58 08-Aug-2019,10:33:22 08-Aug-2019,Surface,,,,,263,265,26,238
GmTag225,180767,1.000000,Transmission,Mk10,1,10:33:22 08-Aug-2019,10:42:08 08-Aug-2019,Dive,1,Square,244.0,251.0,525,527,,
GmTag225,180767,1.000000,Transmission,Mk10,1,10:42:08 08-Aug-2019,10:53:56 08-Aug-2019,Surface,,,,,707,709,46,662
GmTag225,180767,1.000000,Transmission,Mk10,1,10:53:56 08-Aug-2019,11:03:14 08-Aug-2019,Dive,1,U,340.0,347.0,557,559,,
GmTag225,180767,1.000000,Transmission,Mk10,1,11:03:14 08-Aug-2019,11:37:12 08-Aug-2019,Surface,,,,,2037,2039,131,1907
GmTag225,180767,1.000000,Transmission,Mk10,1,11:37:12 08-Aug-2019,11:42:42 08-Aug-2019,Dive,1,U,95.0,96.0,329,331,,
