"DeployID","Platform ID No.","Prg No.","Latitude","Longitude","Loc. quality","Loc. date","Loc. type","Altitude","Pass","Sat.","Mote Id","Frequency","Msg Date","Comp.","Msg","> - 120 DB","Best level","Delta freq.","Long. 1","Lat. sol. 1","Long. 2","Lat. sol. 2","Loc. idx","Nopc","Error radius","Semi-major axis","Semi-minor axis","Ellipse orientation","GDOP","SENSOR #01","SENSOR #02","SENSOR #03","SENSOR #04","SENSOR #05","SENSOR #06","SENSOR #07","SENSOR #08","SENSOR #09","SENSOR #10","SENSOR #11","SENSOR #12","SENSOR #13","SENSOR #14","SENSOR #15","SENSOR #16","SENSOR #17","SENSOR #18","SENSOR #19","SENSOR #20","SENSOR #21","SENSOR #22","SENSOR #23","SENSOR #24","SENSOR #25","SENSOR #26","SENSOR #27","SENSOR #28","SENSOR #29","SENSOR #30","SENSOR #31","SENSOR #32"
"ZcTag094",180772,16605,,,,,,,67,NP,,401650000,07/30/2019 20:15:42,1,4,0,-134,401650000,,,,,,,,,,,,222,171,173,253,8,0,248,60,60,124,60,60,60,60,60,56,60,60,60,60,62,96,161,81,193,156,95,59,191,251,248,
"ZcTag094",180772,16605,,,,,,,67,NP,,401650000,07/30/2019 20:16:29,2,4,0,-134,401650000,,,,,,,,,,,,222,171,173,253,8,0,184,60,60,60,60,60,60,60,60,60,60,60,60,60,62,96,161,81,193,156,95,59,191,251,248,
"ZcTag094",180772,16605,,,,,,,67,NP,,401650000,07/30/2019 20:16:49,1,4,0,-134,401650000,,,,,,,,,,,,222,171,173,253,8,0,184,60,60,60,60,60,60,60,60,60,60,60,60,60,62,96,161,81,193,156,95,59,63,251,248,
"ZcTag094",180772,16605,35.59364,-74.74721,A,07/30/2019 22:47:37,Argos,0,88,NK,,401650000,07/30/2019 22:47:03,1,3,0,-130,401650000,-74.74721,35.59364,-74.74721,35.59364,6,3,0,0,0,50,3752,222,171,173,253,8,0,176,60,60,28,188,60,124,28,60,60,60,53,0,0,131,58,153,174,126,67,195,79,164,140,134,
"ZcTag094",180772,16605,35.59364,-74.74721,A,07/30/2019 22:47:37,Argos,0,88,NK,,401650000,07/30/2019 22:47:18,1,3,0,-130,401650000,-74.74721,35.59364,-74.74721,35.59364,6,3,0,0,0,50,3752,222,171,173,253,8,0,184,60,60,60,60,60,60,60,60,60,52,60,60,60,60,96,161,81,193,156,95,59,191,251,248,
"ZcTag094",180772,16605,35.59364,-74.74721,A,07/30/2019 22:47:37,Argos,0,88,NK,,401650000,07/30/2019 22:48:31,1,3,0,-130,401650000,-74.74721,35.59364,-74.74721,35.59364,6,3,0,0,0,50,3752,222,171,173,253,8,0,184,60,60,60,60,60,60,60,60,60,60,60,60,60,62,96,161,81,193,156,95,59,191,251,248,
"ZcTag094",180772,16605,35.55103,-74.68076,2,07/30/2019 22:59:39,Argos,0,94,SR,,401677680.88,07/30/2019 22:59:51,4,6,2,-118,401677680.88,-74.68076,35.55103,-64.64026,33.54618,50,3,287,853,96,60,540,222,171,173,253,8,0,184,60,60,60,60,60,60,60,60,60,60,60,60,60,62,96,161,81,193,156,95,59,191,251,248,
"ZcTag094",180772,16605,35.55103,-74.68076,2,07/30/2019 22:59:39,Argos,0,94,SR,,401677680.88,07/30/2019 23:00:07,1,6,2,-118,401677680.88,-74.68076,35.55103,-64.64026,33.54618,50,3,287,853,96,60,540,222,171,173,253,8,0,184,60,60,60,60,60,60,60,60,60,60,60,36,204,101,36,235,130,139,96,210,93,133,243,253,
"ZcTag094",180772,16605,35.55103,-74.68076,2,07/30/2019 22:59:39,Argos,0,94,SR,,401677680.88,07/30/2019 23:00:27,1,6,2,-118,401677680.88,-74.68076,35.55103,-64.64026,33.54618,50,3,287,853,96,60,540,222,171,173,253,8,0,184,60,60,60,60,60,60,60,60,60,60,60,60,60,62,96,161,81,193,114,111,226,154,34,14,
"ZcTag094",180772,16605,35.5725,-74.65791,A,07/31/2019 00:08:25,Argos,0,66,NN,,401677683.35,07/31/2019 00:08:25,1,3,0,-127,401677683.35,-74.65791,35.5725,-74.65791,35.5725,8,3,897,2700,297,119,2137,209,58,157,253,72,0,123,114,98,26,163,124,246,90,13,16,35,142,201,82,113,113,140,20,165,159,125,133,7,167,234,
"ZcTag094",180772,16605,35.5725,-74.65791,A,07/31/2019 00:08:25,Argos,0,66,NN,,401677683.35,07/31/2019 00:08:58,1,3,0,-127,401677683.35,-74.65791,35.5725,-74.65791,35.5725,8,3,897,2700,297,119,2137,209,58,157,253,72,0,123,114,66,42,129,33,129,165,70,251,255,251,183,36,197,128,64,68,4,4,64,72,68,6,99,
"ZcTag094",180772,16605,35.5725,-74.65791,A,07/31/2019 00:08:25,Argos,0,66,NN,,401677683.35,07/31/2019 00:09:31,1,3,0,-127,401677683.35,-74.65791,35.5725,-74.65791,35.5725,8,3,897,2700,297,119,2137,209,58,157,253,72,0,123,114,66,42,129,33,129,165,70,251,255,251,183,36,197,128,64,68,4,1,206,104,22,18,77,
"ZcTag094",180772,16605,35.58164,-74.66616,B,07/31/2019 00:24:26,Argos,0,14,NK,,401677683.03,07/31/2019 00:24:19,1,2,0,-123,401677683.03,-74.66616,35.58164,-74.66616,35.58164,6,3,1082,1595,733,102,2000,222,171,173,253,8,0,184,60,60,60,60,60,60,60,60,60,60,60,60,60,62,96,161,81,193,156,95,59,191,251,248,
"ZcTag094",180772,16605,35.58164,-74.66616,B,07/31/2019 00:24:26,Argos,0,14,NK,,401677683.03,07/31/2019 00:24:34,1,2,0,-123,401677683.03,-74.66616,35.58164,-74.66616,35.58164,6,3,1082,1595,733,102,2000,209,58,157,253,72,0,123,114,66,42,129,33,129,165,70,251,255,251,183,36,197,128,64,68,4,4,64,64,68,4,64,
"ZcTag094",180772,16605,35.58119,-74.67587,B,07/31/2019 00:39:29,Argos,0,24,SR,,401677663.93,07/31/2019 00:39:17,1,2,0,-129,401677663.93,-74.67587,35.58119,-74.67587,35.58119,8,3,1831,2819,1188,121,2452,222,171,173,,,,,,,,,,,,,,,,,,,,,,,,,,,,,
"ZcTag094",180772,16605,35.58119,-74.67587,B,07/31/2019 00:39:29,Argos,0,24,SR,,401677663.93,07/31/2019 00:39:41,1,2,0,-129,401677663.93,-74.67587,35.58119,-74.67587,35.58119,8,3,1831,2819,1188,121,2452,209,58,157,253,72,0,123,114,66,42,129,33,129,165,70,251,255,251,183,36,197,128,64,68,4,4,64,64,68,12,9,
"ZcTag094",180772,16605,35.58377,-74.67781,B,07/31/2019 00:51:38,Argos,0,0,MB,,401677666.08,07/31/2019 00:51:38,1,1,0,-133,401677666.08,-74.67781,35.58377,-74.67781,35.58377,6,3,1541,2143,1107,102,2524,222,171,173,251,8,1,184,60,60,24,60,60,60,60,60,60,221,195,135,199,193,63,109,136,60,227,224,193,48,115,206,
"ZcTag094",180772,16605,35.61839,-74.62618,0,07/31/2019 01:46:16,Argos,0,82,NN,,401677663.08,07/31/2019 01:45:42,1,4,0,-123,401677663.08,-74.62618,35.61839,-74.62618,35.61839,48,3,6067,65289,563,79,2676,209,58,157,253,72,0,123,114,66,42,129,33,129,165,70,251,255,251,183,36,197,128,64,68,4,4,64,64,68,4,64,
"ZcTag094",180772,16605,35.61839,-74.62618,0,07/31/2019 01:46:16,Argos,0,82,NN,,401677663.08,07/31/2019 01:46:01,1,4,0,-123,401677663.08,-74.62618,35.61839,-74.62618,35.61839,48,3,6067,65289,563,79,2676,222,171,173,253,8,0,184,60,60,60,60,60,60,60,60,60,60,60,60,60,62,96,161,81,193,156,95,59,191,251,248,
"ZcTag094",180772,16605,35.61839,-74.62618,0,07/31/2019 01:46:16,Argos,0,82,NN,,401677663.08,07/31/2019 01:46:18,1,4,0,-123,401677663.08,-74.62618,35.61839,-74.62618,35.61839,48,3,6067,65289,563,79,2676,209,58,157,253,72,0,123,114,66,42,129,33,129,165,70,251,255,251,183,36,197,128,64,68,4,4,64,64,82,193,39,
"ZcTag094",180772,16605,35.61839,-74.62618,0,07/31/2019 01:46:16,Argos,0,82,NN,,401677663.08,07/31/2019 01:47:05,1,4,0,-123,401677663.08,-74.62618,35.61839,-74.62618,35.61839,48,3,6067,65289,563,79,2676,4,5,254,27,194,95,228,50,23,229,47,245,132,192,131,253,64,4,2,121,192,0,0,,,,,,,,,
"ZcTag094",180772,16605,35.62654,-74.63451,0,07/31/2019 01:55:36,Argos,0,88,MC,,401677678.69,07/31/2019 01:54:53,1,4,3,-116,401677678.69,-74.63451,35.62654,-74.63451,35.62654,56,3,2036,31296,132,74,1892,209,58,157,253,72,0,123,114,66,42,129,33,129,165,70,251,255,251,183,36,197,128,64,68,4,4,64,64,68,4,192,
"ZcTag094",180772,16605,35.62654,-74.63451,0,07/31/2019 01:55:36,Argos,0,88,MC,,401677678.69,07/31/2019 01:55:29,1,4,3,-116,401677678.69,-74.63451,35.62654,-74.63451,35.62654,56,3,2036,31296,132,74,1892,222,171,173,253,8,0,184,60,60,60,60,60,60,60,60,60,60,60,60,60,62,96,161,81,193,156,95,59,191,251,248,
"ZcTag094",180772,16605,35.62654,-74.63451,0,07/31/2019 01:55:36,Argos,0,88,MC,,401677678.69,07/31/2019 01:56:21,2,4,3,-116,401677678.69,-74.63451,35.62654,-74.63451,35.62654,56,3,2036,31296,132,74,1892,209,58,157,253,72,0,123,114,66,42,129,33,129,165,70,251,255,251,183,36,197,128,64,68,4,4,64,64,68,4,64,
"ZcTag094",180772,16605,35.81854,-74.57003,B,07/31/2019 08:36:04,Argos,0,38,SR,,401677693.18,07/31/2019 08:35:45,1,2,0,-135,401677693.18,-74.57003,35.81854,-74.57003,35.81854,8,3,3860,8007,1860,112,4987,222,171,173,253,8,0,184,60,60,60,60,60,60,60,60,60,60,28,60,60,62,96,161,81,193,156,95,59,191,251,248,
"ZcTag094",180772,16605,35.81854,-74.57003,B,07/31/2019 08:36:04,Argos,0,38,SR,,401677693.18,07/31/2019 08:36:23,1,2,0,-135,401677693.18,-74.57003,35.81854,-74.57003,35.81854,8,3,3860,8007,1860,112,4987,219,237,125,254,8,1,106,100,102,198,36,164,227,46,102,106,209,50,195,48,42,130,106,50,98,102,38,101,166,102,100,
"ZcTag094",180772,16605,35.67702,-74.34495,0,07/31/2019 08:47:07,Argos,0,69,NP,,401677649.9,07/31/2019 08:46:50,1,4,0,-133,401677649.9,-74.34495,35.67702,-74.34495,35.67702,56,3,3298,15141,718,59,2419,222,171,173,253,8,0,184,60,60,60,60,60,60,60,60,60,60,60,60,60,62,96,141,87,216,48,48,215,91,6,118,
"ZcTag094",180772,16605,35.67702,-74.34495,0,07/31/2019 08:47:07,Argos,0,69,NP,,401677649.9,07/31/2019 08:47:09,1,4,0,-133,401677649.9,-74.34495,35.67702,-74.34495,35.67702,56,3,3298,15141,718,59,2419,221,117,173,254,72,3,202,1,94,29,226,32,32,134,30,5,161,197,153,221,225,226,2,34,66,34,65,220,25,222,24,
"ZcTag094",180772,16605,35.67702,-74.34495,0,07/31/2019 08:47:07,Argos,0,69,NP,,401677649.9,07/31/2019 08:47:23,1,4,0,-133,401677649.9,-74.34495,35.67702,-74.34495,35.67702,56,3,3298,15141,718,59,2419,219,237,125,254,8,1,106,100,102,198,36,164,227,46,102,106,209,50,195,48,42,130,106,50,98,102,38,101,166,102,100,
"ZcTag094",180772,16605,35.67702,-74.34495,0,07/31/2019 08:47:07,Argos,0,69,NP,,401677649.9,07/31/2019 08:48:00,1,4,0,-133,401677649.9,-74.34495,35.67702,-74.34495,35.67702,56,3,3298,15141,718,59,2419,222,171,173,253,8,0,184,60,60,60,60,60,60,60,60,60,60,60,60,60,62,96,161,81,193,156,95,59,191,251,248,
"ZcTag094",180772,16605,35.67702,-74.34495,0,07/31/2019 08:47:07,Argos,0,69,NP,,401677649.9,07/31/2019 08:48:20,2,4,0,-133,401677649.9,-74.34495,35.67702,-74.34495,35.67702,56,3,3298,15141,718,59,2419,221,117,173,254,72,3,202,1,94,29,226,32,32,134,30,5,161,197,153,221,225,226,2,34,66,34,65,220,25,222,24,
"ZcTag094",180772,16605,35.67702,-74.34495,0,07/31/2019 08:47:07,Argos,0,69,NP,,401677649.9,07/31/2019 08:48:42,2,4,0,-133,401677649.9,-74.34495,35.67702,-74.34495,35.67702,56,3,3298,15141,718,59,2419,219,237,125,254,8,1,106,100,102,198,36,164,227,46,102,106,209,50,195,48,42,130,106,50,98,102,38,101,166,102,100,
"ZcTag094",180772,16605,35.67702,-74.34495,0,07/31/2019 08:47:07,Argos,0,69,NP,,401677649.9,07/31/2019 08:49:04,1,4,0,-133,401677649.9,-74.34495,35.67702,-74.34495,35.67702,56,3,3298,15141,718,59,2419,209,58,157,253,72,0,123,114,66,42,131,33,129,165,70,251,255,251,183,36,205,128,64,68,4,4,64,64,68,4,64,
"ZcTag094",180772,16605,35.96127,-74.76892,0,07/31/2019 10:18:52,Argos,0,99,SR,,401677733.79,07/31/2019 10:18:10,1,6,0,-130,401677733.79,-74.76892,35.96127,-74.76892,35.96127,47,3,30268,75032,12210,49,3659,220,171,173,253,8,0,184,28,60,60,60,188,60,60,60,60,28,60,60,60,189,64,51,119,217,152,159,59,255,251,248,
"ZcTag094",180772,16605,35.96127,-74.76892,0,07/31/2019 10:18:52,Argos,0,99,SR,,401677733.79,07/31/2019 10:18:24,1,6,0,-130,401677733.79,-74.76892,35.96127,-74.76892,35.96127,47,3,30268,75032,12210,49,3659,221,117,173,254,72,3,202,1,94,29,226,32,32,134,30,5,161,197,153,221,225,226,2,34,66,34,65,220,29,12,145,
"ZcTag094",180772,16605,35.96127,-74.76892,0,07/31/2019 10:18:52,Argos,0,99,SR,,401677733.79,07/31/2019 10:18:41,1,6,0,-130,401677733.79,-74.76892,35.96127,-74.76892,35.96127,47,3,30268,75032,12210,49,3659,219,237,125,254,8,1,106,100,102,198,36,164,227,46,102,106,209,54,195,48,42,130,106,50,98,102,38,101,166,102,100,
"ZcTag094",180772,16605,35.96127,-74.76892,0,07/31/2019 10:18:52,Argos,0,99,SR,,401677733.79,07/31/2019 10:18:59,1,6,0,-130,401677733.79,-74.76892,35.96127,-74.76892,35.96127,47,3,30268,75032,12210,49,3659,209,58,157,253,72,0,123,114,66,42,129,33,129,165,70,251,255,251,183,36,197,128,64,68,4,4,64,64,68,4,64,
"ZcTag094",180772,16605,35.96127,-74.76892,0,07/31/2019 10:18:52,Argos,0,99,SR,,401677733.79,07/31/2019 10:19:13,1,6,0,-130,401677733.79,-74.76892,35.96127,-74.76892,35.96127,47,3,30268,75032,12210,49,3659,4,5,254,164,203,148,6,50,39,245,32,5,132,192,131,253,68,4,2,127,192,0,0,,,,,,,,,
"ZcTag094",180772,16605,35.69286,-74.33553,B,07/31/2019 10:19:59,Argos,0,17,NP,,401677736.1,07/31/2019 10:19:50,1,2,0,-135,401677736.1,-74.33553,35.69286,-74.33553,35.69286,6,3,14313,29532,6936,61,5783,221,117,173,254,72,3,202,1,94,29,226,32,32,134,30,5,161,197,153,221,225,226,2,34,66,34,65,220,25,222,24,
"ZcTag094",180772,16605,35.96127,-74.76892,0,07/31/2019 10:18:52,Argos,0,99,SR,,401677733.79,07/31/2019 10:19:50,1,6,0,-130,401677733.79,-74.76892,35.96127,-74.76892,35.96127,47,3,30268,75032,12210,49,3659,221,117,173,254,72,3,202,3,94,21,226,50,32,134,30,5,33,197,153,221,225,162,2,34,64,34,65,220,25,222,24,
"ZcTag094",180772,16605,35.69286,-74.33553,B,07/31/2019 10:19:59,Argos,0,17,NP,,401677736.1,07/31/2019 10:20:08,1,2,0,-135,401677736.1,-74.33553,35.69286,-74.33553,35.69286,6,3,14313,29532,6936,61,5783,219,237,127,250,8,1,106,100,102,198,36,164,227,46,102,106,209,50,195,48,42,130,106,50,98,102,38,101,166,102,100,
"ZcTag094",180772,16605,35.58694,-74.42553,0,07/31/2019 11:04:40,Argos,0,116,NK,,401677708.91,07/31/2019 11:04:21,1,7,0,-130,401677708.91,-74.42553,35.58694,-74.42553,35.58694,58,2,5169,41419,645,90,3619,222,171,173,253,8,0,184,60,60,60,60,60,60,60,60,60,60,60,60,60,62,96,161,81,193,156,95,59,191,251,248,
"ZcTag094",180772,16605,35.58694,-74.42553,0,07/31/2019 11:04:40,Argos,0,116,NK,,401677708.91,07/31/2019 11:04:41,1,7,0,-130,401677708.91,-74.42553,35.58694,-74.42553,35.58694,58,2,5169,41419,645,90,3619,221,117,173,254,72,3,202,1,94,29,226,32,32,134,30,5,161,197,153,221,225,226,2,34,66,34,65,220,25,222,24,
"ZcTag094",180772,16605,35.58694,-74.42553,0,07/31/2019 11:04:40,Argos,0,116,NK,,401677708.91,07/31/2019 11:05:00,2,7,0,-130,401677708.91,-74.42553,35.58694,-74.42553,35.58694,58,2,5169,41419,645,90,3619,219,237,125,254,8,1,106,100,102,198,36,164,227,46,102,106,209,50,195,48,42,130,106,50,98,102,38,101,166,102,100,
"ZcTag094",180772,16605,35.58694,-74.42553,0,07/31/2019 11:04:40,Argos,0,116,NK,,401677708.91,07/31/2019 11:05:20,2,7,0,-130,401677708.91,-74.42553,35.58694,-74.42553,35.58694,58,2,5169,41419,645,90,3619,209,58,157,253,72,0,123,114,66,42,129,33,129,165,70,251,255,251,183,36,197,128,64,68,4,4,64,64,68,4,64,
"ZcTag094",180772,16605,35.58694,-74.42553,0,07/31/2019 11:04:40,Argos,0,116,NK,,401677708.91,07/31/2019 11:05:38,1,7,0,-130,401677708.91,-74.42553,35.58694,-74.42553,35.58694,58,2,5169,41419,645,90,3619,222,171,173,253,9,0,184,44,60,56,124,60,60,60,60,60,60,60,60,60,62,104,161,81,193,156,95,59,191,251,248,
"ZcTag094",180772,16605,35.71031,-73.8055,Z,07/31/2019 12:35:33,Argos,0,81,NK,,401677833.85,07/31/2019 12:34:52,1,6,0,-130,401677833.85,-73.8055,35.71031,-73.8055,35.71031,35,2,15634,31347,7797,126,3385,222,171,173,253,8,0,184,60,60,60,60,60,60,60,60,60,60,60,60,60,62,96,161,81,193,156,95,59,191,251,248,
"ZcTag094",180772,16605,35.71031,-73.8055,Z,07/31/2019 12:35:33,Argos,0,81,NK,,401677833.85,07/31/2019 12:35:11,1,6,0,-130,401677833.85,-73.8055,35.71031,-73.8055,35.71031,35,2,15634,31347,7797,126,3385,223,218,253,254,136,1,120,0,0,20,130,17,51,127,187,183,50,166,13,30,16,21,156,21,225,129,94,28,35,59,188,
"ZcTag094",180772,16605,35.36051,-75.10638,0,07/31/2019 12:35:42,Argos,0,142,NN,,401677670.35,07/31/2019 12:35:11,1,9,0,-133,401677670.35,-75.10638,35.36051,-75.10638,35.36051,58,3,5976,40439,883,76,3059,223,218,253,254,136,1,120,0,0,20,130,17,51,127,187,183,50,166,13,30,16,21,156,21,225,129,94,28,35,59,188,
"ZcTag094",180772,16605,35.71031,-73.8055,Z,07/31/2019 12:35:33,Argos,0,81,NK,,401677833.85,07/31/2019 12:35:25,1,6,0,-130,401677833.85,-73.8055,35.71031,-73.8055,35.71031,35,2,15634,31347,7797,126,3385,221,117,173,254,72,3,202,1,94,29,226,32,32,134,30,5,161,197,153,221,225,226,34,34,66,34,65,220,25,222,24,
"ZcTag094",180772,16605,35.36051,-75.10638,0,07/31/2019 12:35:42,Argos,0,142,NN,,401677670.35,07/31/2019 12:35:25,1,9,0,-133,401677670.35,-75.10638,35.36051,-75.10638,35.36051,58,3,5976,40439,883,76,3059,221,117,173,254,72,3,202,1,94,29,226,32,32,134,30,5,161,197,153,221,225,226,2,34,66,34,65,220,25,222,24,
"ZcTag094",180772,16605,35.71031,-73.8055,Z,07/31/2019 12:35:33,Argos,0,81,NK,,401677833.85,07/31/2019 12:35:42,1,6,0,-130,401677833.85,-73.8055,35.71031,-73.8055,35.71031,35,2,15634,31347,7797,126,3385,4,157,80,200,231,3,33,50,71,245,31,245,132,192,131,253,64,4,3,240,198,96,64,,,,,,,,,
"ZcTag094",180772,16605,35.36051,-75.10638,0,07/31/2019 12:35:42,Argos,0,142,NN,,401677670.35,07/31/2019 12:35:42,1,9,0,-133,401677670.35,-75.10638,35.36051,-75.10638,35.36051,58,3,5976,40439,883,76,3059,4,157,80,200,231,3,33,50,71,245,31,245,132,192,131,253,64,4,3,240,198,96,64,,,,,,,,,
"ZcTag094",180772,16605,35.71031,-73.8055,Z,07/31/2019 12:35:33,Argos,0,81,NK,,401677833.85,07/31/2019 12:35:56,1,6,0,-130,401677833.85,-73.8055,35.71031,-73.8055,35.71031,35,2,15634,31347,7797,126,3385,219,237,125,254,8,1,106,100,102,198,36,164,227,46,102,106,209,50,195,48,42,130,106,50,98,102,38,101,166,102,100,
"ZcTag094",180772,16605,35.36051,-75.10638,0,07/31/2019 12:35:42,Argos,0,142,NN,,401677670.35,07/31/2019 12:35:56,1,9,0,-133,401677670.35,-75.10638,35.36051,-75.10638,35.36051,58,3,5976,40439,883,76,3059,219,237,125,254,8,1,106,100,102,198,36,164,227,46,102,106,209,50,195,48,42,130,106,50,98,102,38,101,166,102,100,
"ZcTag094",180772,16605,35.71031,-73.8055,Z,07/31/2019 12:35:33,Argos,0,81,NK,,401677833.85,07/31/2019 12:36:14,1,6,0,-130,401677833.85,-73.8055,35.71031,-73.8055,35.71031,35,2,15634,31347,7797,126,3385,209,58,157,253,72,0,123,114,66,42,129,33,129,165,70,251,255,251,183,36,197,128,64,68,4,4,64,64,68,4,64,
"ZcTag094",180772,16605,35.36051,-75.10638,0,07/31/2019 12:35:42,Argos,0,142,NN,,401677670.35,07/31/2019 12:36:14,2,9,0,-133,401677670.35,-75.10638,35.36051,-75.10638,35.36051,58,3,5976,40439,883,76,3059,209,58,157,253,72,0,123,114,66,42,129,33,129,165,70,251,255,251,183,36,197,128,64,68,4,4,64,64,68,4,64,
"ZcTag094",180772,16605,35.36051,-75.10638,0,07/31/2019 12:35:42,Argos,0,142,NN,,401677670.35,07/31/2019 12:36:35,2,9,0,-133,401677670.35,-75.10638,35.36051,-75.10638,35.36051,58,3,5976,40439,883,76,3059,222,171,173,253,8,0,184,60,60,60,60,60,60,60,60,60,60,60,60,60,62,96,161,81,193,156,95,59,191,251,248,
"ZcTag094",180772,16605,35.71031,-73.8055,Z,07/31/2019 12:35:33,Argos,0,81,NK,,401677833.85,07/31/2019 12:36:35,2,6,0,-130,401677833.85,-73.8055,35.71031,-73.8055,35.71031,35,2,15634,31347,7797,126,3385,222,171,173,253,8,0,184,60,60,60,60,60,60,60,60,60,60,60,60,60,62,96,161,81,193,156,95,59,191,251,248,
"ZcTag094",180772,16605,35.36051,-75.10638,0,07/31/2019 12:35:42,Argos,0,142,NN,,401677670.35,07/31/2019 12:36:55,1,9,0,-133,401677670.35,-75.10638,35.36051,-75.10638,35.36051,58,3,5976,40439,883,76,3059,223,218,253,254,136,1,104,0,0,20,130,17,51,127,187,183,50,166,13,30,16,21,156,21,225,129,94,28,35,59,188,
"ZcTag094",180772,16605,35.71031,-73.8055,Z,07/31/2019 12:35:33,Argos,0,81,NK,,401677833.85,07/31/2019 12:36:55,2,6,0,-130,401677833.85,-73.8055,35.71031,-73.8055,35.71031,35,2,15634,31347,7797,126,3385,223,218,253,254,136,1,120,0,0,20,130,17,51,127,187,183,50,166,13,30,16,21,156,21,225,129,94,28,35,59,188,
"ZcTag094",180772,16605,35.90656,-75.41254,0,07/31/2019 22:21:46,Argos,0,94,NK,,401677504.64,07/31/2019 22:20:53,1,5,0,-133,401677504.64,-75.41254,35.90656,-75.41254,35.90656,48,3,123668,0,12666,76,4880,221,117,173,254,72,3,202,1,94,29,226,32,32,134,158,5,161,197,153,221,225,226,2,34,66,34,65,220,25,222,24,
"ZcTag094",180772,16605,35.90656,-75.41254,0,07/31/2019 22:21:46,Argos,0,94,NK,,401677504.64,07/31/2019 22:21:25,1,5,0,-133,401677504.64,-75.41254,35.90656,-75.41254,35.90656,48,3,123668,0,12666,76,4880,209,58,157,253,72,0,123,123,82,42,129,33,129,165,70,251,255,251,183,36,197,128,64,68,4,4,64,64,68,4,64,
"ZcTag094",180772,16605,35.90656,-75.41254,0,07/31/2019 22:21:46,Argos,0,94,NK,,401677504.64,07/31/2019 22:21:56,1,5,0,-133,401677504.64,-75.41254,35.90656,-75.41254,35.90656,48,3,123668,0,12666,76,4880,220,142,13,255,8,3,248,0,0,0,0,0,0,0,0,0,0,0,0,0,1,107,55,237,128,0,0,,,,,
"ZcTag094",180772,16605,35.90656,-75.41254,0,07/31/2019 22:21:46,Argos,0,94,NK,,401677504.64,07/31/2019 22:22:11,1,5,0,-133,401677504.64,-75.41254,35.90656,-75.41254,35.90656,48,3,123668,0,12666,76,4880,213,75,13,254,200,1,155,187,119,42,1,162,92,26,33,64,0,0,5,51,127,255,119,46,88,30,12,4,64,0,4,
"ZcTag094",180772,16605,35.90656,-75.41254,0,07/31/2019 22:21:46,Argos,0,94,NK,,401677504.64,07/31/2019 22:22:27,1,5,0,-133,401677504.64,-75.41254,35.90656,-75.41254,35.90656,48,3,123668,0,12666,76,4880,223,218,253,254,136,1,120,0,0,20,130,17,51,127,187,183,50,166,13,30,16,21,156,21,225,129,94,28,35,59,188,
"ZcTag094",180772,16605,36.243,-74.14248,B,07/31/2019 22:22:27,Argos,0,0,SR,,401677753.82,07/31/2019 22:22:27,1,1,0,-138,401677753.82,-74.14248,36.243,-74.14248,36.243,6,3,81136,0,5280,74,8089,223,218,253,,,,,,,,,,,,,,,,,,,,,,,,,,,,,
"ZcTag094",180772,16605,36.05087,-74.4765,0,08/01/2019 00:05:06,Argos,0,81,SR,,401677778.45,08/01/2019 00:04:26,1,6,0,-124,401677778.45,-74.4765,36.05087,-74.4765,36.05087,57,3,1970,21436,181,105,3053,4,165,74,1,23,3,225,50,39,245,16,37,136,20,127,252,252,4,3,252,2,127,192,,,,,,,,,
"ZcTag094",180772,16605,36.14997,-74.25103,B,08/01/2019 00:04:33,Argos,0,14,NK,,401677758.83,08/01/2019 00:04:26,1,2,0,-132,401677758.83,-74.25103,36.14997,-74.25103,36.14997,8,3,66273,227307,19322,76,8511,4,165,74,1,23,3,225,50,39,245,16,37,136,20,127,252,252,4,3,244,2,95,192,,,,,,,,,
"ZcTag094",180772,16605,36.05087,-74.4765,0,08/01/2019 00:05:06,Argos,0,81,SR,,401677778.45,08/01/2019 00:04:40,1,6,0,-124,401677778.45,-74.4765,36.05087,-74.4765,36.05087,57,3,1970,21436,181,105,3053,221,117,173,254,72,3,202,1,94,29,226,32,32,134,30,5,161,197,153,221,225,226,2,34,66,34,65,220,25,222,24,
"ZcTag094",180772,16605,36.14997,-74.25103,B,08/01/2019 00:04:33,Argos,0,14,NK,,401677758.83,08/01/2019 00:04:40,1,2,0,-132,401677758.83,-74.25103,36.14997,-74.25103,36.14997,8,3,66273,227307,19322,76,8511,221,117,173,254,72,3,202,1,94,29,226,32,32,134,30,5,161,197,153,221,225,226,2,34,66,34,65,220,25,222,24,
"ZcTag094",180772,16605,36.05087,-74.4765,0,08/01/2019 00:05:06,Argos,0,81,SR,,401677778.45,08/01/2019 00:04:57,1,6,0,-124,401677778.45,-74.4765,36.05087,-74.4765,36.05087,57,3,1970,21436,181,105,3053,219,237,125,254,8,1,106,100,102,198,36,164,227,46,102,106,209,50,195,48,42,130,106,50,98,102,38,101,166,102,100,
"ZcTag094",180772,16605,36.05087,-74.4765,0,08/01/2019 00:05:06,Argos,0,81,SR,,401677778.45,08/01/2019 00:05:13,1,6,0,-124,401677778.45,-74.4765,36.05087,-74.4765,36.05087,57,3,1970,21436,181,105,3053,209,58,157,253,72,0,123,114,66,42,129,33,129,165,70,251,255,251,183,36,197,128,64,68,4,4,64,64,68,4,64,
"ZcTag094",180772,16605,36.05087,-74.4765,0,08/01/2019 00:05:06,Argos,0,81,SR,,401677778.45,08/01/2019 00:05:32,1,6,0,-124,401677778.45,-74.4765,36.05087,-74.4765,36.05087,57,3,1970,21436,181,105,3053,222,171,173,253,8,0,184,60,60,60,60,60,60,60,60,60,60,60,60,60,62,96,161,81,193,156,95,59,191,251,248,
"ZcTag094",180772,16605,36.05087,-74.4765,0,08/01/2019 00:05:06,Argos,0,81,SR,,401677778.45,08/01/2019 00:05:48,1,6,0,-124,401677778.45,-74.4765,36.05087,-74.4765,36.05087,57,3,1970,21436,181,105,3053,212,118,77,255,72,0,128,204,204,204,204,204,204,204,204,204,204,204,204,204,204,204,204,204,204,204,204,204,204,204,204,
"ZcTag094",180772,16605,35.96852,-74.41475,1,08/01/2019 01:36:22,Argos,0,129,MC,,401677747.43,08/01/2019 01:35:56,1,8,6,-114,401677747.43,-74.41475,35.96852,-74.41475,35.96852,58,3,899,4323,186,97,516,209,58,157,253,72,0,123,114,66,42,129,33,129,165,70,251,255,251,183,36,197,128,64,68,4,4,64,0,0,0,0,
"ZcTag094",180772,16605,35.96852,-74.41475,1,08/01/2019 01:36:22,Argos,0,129,MC,,401677747.43,08/01/2019 01:36:15,1,8,6,-114,401677747.43,-74.41475,35.96852,-74.41475,35.96852,58,3,899,4323,186,97,516,222,171,173,253,8,0,184,60,60,60,60,60,60,60,60,60,60,60,60,60,62,96,161,81,193,156,95,59,191,251,248,
"ZcTag094",180772,16605,35.96852,-74.41475,1,08/01/2019 01:36:22,Argos,0,129,MC,,401677747.43,08/01/2019 01:36:30,1,8,6,-114,401677747.43,-74.41475,35.96852,-74.41475,35.96852,58,3,899,4323,186,97,516,212,118,77,255,72,0,128,204,204,204,204,204,204,204,204,204,204,204,204,204,204,204,204,204,204,204,204,204,204,204,204,
"ZcTag094",180772,16605,35.93017,-74.46279,1,08/01/2019 01:36:43,Argos,0,129,NN,,401677745.09,08/01/2019 01:36:30,1,6,1,-117,401677745.09,-74.46279,35.93017,-74.46279,35.93017,58,3,508,1557,165,117,769,212,118,77,255,72,0,128,204,204,204,204,204,204,204,204,204,204,204,204,204,204,204,204,204,204,204,204,204,204,204,204,
"ZcTag094",180772,16605,35.96852,-74.41475,1,08/01/2019 01:36:22,Argos,0,129,MC,,401677747.43,08/01/2019 01:36:48,1,8,6,-114,401677747.43,-74.41475,35.96852,-74.41475,35.96852,58,3,899,4323,186,97,516,220,142,13,255,8,3,248,0,0,0,0,0,0,0,0,0,0,0,0,0,1,107,55,237,128,0,0,,,,,
"ZcTag094",180772,16605,35.93017,-74.46279,1,08/01/2019 01:36:43,Argos,0,129,NN,,401677745.09,08/01/2019 01:36:48,1,6,1,-117,401677745.09,-74.46279,35.93017,-74.46279,35.93017,58,3,508,1557,165,117,769,220,142,13,255,8,3,248,0,0,0,0,0,0,0,0,0,0,0,0,0,1,107,55,237,128,0,0,,,,,
"ZcTag094",180772,16605,35.96852,-74.41475,1,08/01/2019 01:36:22,Argos,0,129,MC,,401677747.43,08/01/2019 01:37:03,1,8,6,-114,401677747.43,-74.41475,35.96852,-74.41475,35.96852,58,3,899,4323,186,97,516,213,75,13,254,200,1,155,187,119,42,1,162,92,26,33,64,0,0,5,51,127,255,119,46,88,30,12,4,64,0,4,
"ZcTag094",180772,16605,35.93017,-74.46279,1,08/01/2019 01:36:43,Argos,0,129,NN,,401677745.09,08/01/2019 01:37:03,1,6,1,-117,401677745.09,-74.46279,35.93017,-74.46279,35.93017,58,3,508,1557,165,117,769,213,75,13,254,200,1,155,187,119,42,1,162,92,26,33,64,0,0,5,51,127,255,119,46,88,30,12,4,64,0,4,
"ZcTag094",180772,16605,35.96852,-74.41475,1,08/01/2019 01:36:22,Argos,0,129,MC,,401677747.43,08/01/2019 01:37:18,1,8,6,-114,401677747.43,-74.41475,35.96852,-74.41475,35.96852,58,3,899,4323,186,97,516,223,218,253,254,136,1,120,0,0,20,130,17,51,127,187,183,50,166,13,30,16,21,156,21,225,129,94,28,35,59,188,
"ZcTag094",180772,16605,35.93017,-74.46279,1,08/01/2019 01:36:43,Argos,0,129,NN,,401677745.09,08/01/2019 01:37:18,1,6,1,-117,401677745.09,-74.46279,35.93017,-74.46279,35.93017,58,3,508,1557,165,117,769,223,218,253,254,136,1,120,0,0,20,130,17,51,127,187,183,50,166,13,30,16,21,156,21,225,129,94,28,35,59,188,
"ZcTag094",180772,16605,35.96852,-74.41475,1,08/01/2019 01:36:22,Argos,0,129,MC,,401677747.43,08/01/2019 01:37:50,1,8,6,-114,401677747.43,-74.41475,35.96852,-74.41475,35.96852,58,3,899,4323,186,97,516,219,237,125,254,8,1,106,100,102,198,36,164,227,46,102,106,209,50,195,48,42,130,106,50,98,102,38,101,166,102,100,
"ZcTag094",180772,16605,35.93017,-74.46279,1,08/01/2019 01:36:43,Argos,0,129,NN,,401677745.09,08/01/2019 01:37:50,1,6,1,-117,401677745.09,-74.46279,35.93017,-74.46279,35.93017,58,3,508,1557,165,117,769,219,237,125,254,8,1,106,100,102,198,36,164,227,46,102,106,209,50,195,48,42,130,106,50,98,102,38,101,166,102,100,
"ZcTag094",180772,16605,35.96852,-74.41475,1,08/01/2019 01:36:22,Argos,0,129,MC,,401677747.43,08/01/2019 01:38:05,1,8,6,-114,401677747.43,-74.41475,35.96852,-74.41475,35.96852,58,3,899,4323,186,97,516,209,58,157,253,72,0,123,114,66,42,129,33,129,165,70,251,255,251,183,36,197,128,64,68,4,4,64,64,68,4,64,
"ZcTag094",180772,16605,35.93017,-74.46279,1,08/01/2019 01:36:43,Argos,0,129,NN,,401677745.09,08/01/2019 01:38:05,2,6,1,-117,401677745.09,-74.46279,35.93017,-74.46279,35.93017,58,3,508,1557,165,117,769,209,58,157,253,72,0,123,114,66,42,129,33,129,165,70,251,255,251,183,36,197,128,64,68,4,4,64,64,68,4,64,
"ZcTag094",180772,16605,35.92305,-74.48055,A,08/01/2019 02:03:25,Argos,0,40,MB,,401677691.44,08/01/2019 02:03:05,1,3,0,-133,401677691.44,-74.48055,35.92305,-74.48055,35.92305,6,3,9802,12264,7834,87,2000,209,58,153,249,76,0,123,114,66,42,129,33,129,165,70,115,244,4,183,37,225,135,255,100,1,2,159,187,128,68,69,
"ZcTag094",180772,16605,35.92305,-74.48055,A,08/01/2019 02:03:25,Argos,0,40,MB,,401677691.44,08/01/2019 02:03:26,1,3,0,-133,401677691.44,-74.48055,35.92305,-74.48055,35.92305,6,3,9802,12264,7834,87,2000,222,235,173,253,8,0,184,60,60,60,60,60,60,60,60,60,60,60,60,60,62,96,161,81,201,157,95,59,191,59,248,
"ZcTag094",180772,16605,35.92305,-74.48055,A,08/01/2019 02:03:25,Argos,0,40,MB,,401677691.44,08/01/2019 02:03:45,1,3,0,-133,401677691.44,-74.48055,35.92305,-74.48055,35.92305,6,3,9802,12264,7834,87,2000,212,118,77,255,72,0,128,204,204,204,204,204,204,204,204,204,204,204,204,204,204,204,204,204,204,204,204,204,204,204,204,
"ZcTag094",180772,16605,35.91031,-74.51479,A,08/01/2019 03:11:38,Argos,0,51,MC,,401677664.14,08/01/2019 03:11:10,1,3,0,-129,401677664.14,-74.51479,35.91031,-74.51479,35.91031,8,3,3709,12973,1060,66,5092,223,218,253,254,136,1,120,0,0,20,130,17,51,127,187,183,50,164,13,30,16,21,157,21,225,128,95,28,35,59,236,
"ZcTag094",180772,16605,35.91031,-74.51479,A,08/01/2019 03:11:38,Argos,0,51,MC,,401677664.14,08/01/2019 03:11:43,1,3,0,-129,401677664.14,-74.51479,35.91031,-74.51479,35.91031,8,3,3709,12973,1060,66,5092,219,237,125,254,8,1,106,100,102,198,36,164,227,46,102,106,209,50,195,48,42,130,106,50,98,102,38,101,166,102,100,
"ZcTag094",180772,16605,35.91031,-74.51479,A,08/01/2019 03:11:38,Argos,0,51,MC,,401677664.14,08/01/2019 03:12:01,1,3,0,-129,401677664.14,-74.51479,35.91031,-74.51479,35.91031,8,3,3709,12973,1060,66,5092,209,58,157,253,72,0,123,114,66,42,129,33,129,165,70,251,255,251,183,36,197,128,64,68,4,4,64,64,68,4,64,
"ZcTag094",180772,16605,35.61441,-74.89161,B,08/01/2019 08:31:06,Argos,0,0,NP,,401677648.59,08/01/2019 08:31:06,1,1,0,-136,401677648.59,-74.89161,35.61441,-74.89161,35.61441,8,3,9679,17808,5260,67,8236,223,218,253,254,136,1,120,0,0,20,130,17,51,127,187,183,50,166,13,30,16,21,156,21,225,129,94,28,35,59,180,
"ZcTag094",180772,16605,35.72007,-74.13607,0,08/01/2019 10:36:08,Argos,0,106,NK,,401677682.79,08/01/2019 10:35:14,1,7,0,-132,401677682.79,-74.13607,35.72007,-23.84118,25.26376,68,3,3483,26184,463,15,9366,219,131,222,2,72,0,45,85,84,144,221,21,72,72,3,208,196,0,0,,,,,,,,,,,,,
"ZcTag094",180772,16605,35.72007,-74.13607,0,08/01/2019 10:36:08,Argos,0,106,NK,,401677682.79,08/01/2019 10:35:32,1,7,0,-132,401677682.79,-74.13607,35.72007,-23.84118,25.26376,68,3,3483,26184,463,15,9366,210,64,94,2,8,3,200,0,2,238,130,170,100,38,102,102,64,0,0,0,0,0,0,68,202,100,94,7,111,54,68,
"ZcTag094",180772,16605,35.72007,-74.13607,0,08/01/2019 10:36:08,Argos,0,106,NK,,401677682.79,08/01/2019 10:35:50,1,7,0,-132,401677682.79,-74.13607,35.72007,-23.84118,25.26376,68,3,3483,26184,463,15,9366,212,118,77,255,72,0,128,204,204,204,204,204,204,204,204,204,204,204,204,204,204,204,204,204,204,204,204,204,204,204,204,
"ZcTag094",180772,16605,35.72007,-74.13607,0,08/01/2019 10:36:08,Argos,0,106,NK,,401677682.79,08/01/2019 10:36:09,1,7,0,-132,401677682.79,-74.13607,35.72007,-23.84118,25.26376,68,3,3483,26184,463,15,9366,220,142,13,255,8,3,248,0,0,0,0,0,0,0,0,0,0,0,0,0,1,107,55,237,128,0,0,,,,,
"ZcTag094",180772,16605,35.72007,-74.13607,0,08/01/2019 10:36:08,Argos,0,106,NK,,401677682.79,08/01/2019 10:36:29,1,7,0,-132,401677682.79,-74.13607,35.72007,-23.84118,25.26376,68,3,3483,26184,463,15,9366,213,75,13,254,200,1,155,187,119,42,1,162,92,26,33,64,0,0,5,51,127,255,119,46,88,30,12,4,64,0,4,
"ZcTag094",180772,16605,35.72007,-74.13607,0,08/01/2019 10:36:08,Argos,0,106,NK,,401677682.79,08/01/2019 10:36:43,1,7,0,-132,401677682.79,-74.13607,35.72007,-23.84118,25.26376,68,3,3483,26184,463,15,9366,223,218,188,18,149,96,189,61,224,253,13,153,182,53,214,242,115,45,64,246,135,10,227,116,74,39,149,16,156,17,161,
"ZcTag094",180772,16605,35.72007,-74.13607,0,08/01/2019 10:36:08,Argos,0,106,NK,,401677682.79,08/01/2019 10:37:00,1,7,0,-132,401677682.79,-74.13607,35.72007,-23.84118,25.26376,68,3,3483,26184,463,15,9366,221,117,173,254,72,3,202,1,94,29,226,32,32,134,30,5,161,197,153,221,225,226,2,34,66,34,65,220,25,222,24,
"ZcTag094",180772,16605,35.89181,-74.44307,0,08/01/2019 11:19:39,Argos,0,103,SR,,401677772.94,08/01/2019 11:18:54,1,6,0,-123,401677772.94,-74.44307,35.89181,-74.44307,35.89181,56,3,5108,42074,620,90,2588,213,75,13,254,200,1,155,187,119,42,1,162,92,26,33,64,0,0,5,51,127,255,119,46,88,30,12,4,64,0,4,
"ZcTag094",180772,16605,35.89181,-74.44307,0,08/01/2019 11:19:39,Argos,0,103,SR,,401677772.94,08/01/2019 11:19:11,1,6,0,-123,401677772.94,-74.44307,35.89181,-74.44307,35.89181,56,3,5108,42074,620,90,2588,223,218,253,254,136,1,120,0,0,20,130,17,51,127,187,183,50,166,13,30,16,21,156,21,225,129,94,28,35,59,188,
"ZcTag094",180772,16605,35.89181,-74.44307,0,08/01/2019 11:19:39,Argos,0,103,SR,,401677772.94,08/01/2019 11:19:29,1,6,0,-123,401677772.94,-74.44307,35.89181,-74.44307,35.89181,56,3,5108,42074,620,90,2588,221,117,173,254,72,3,202,1,94,29,226,32,32,134,30,5,161,197,153,221,225,226,2,34,66,34,65,220,25,222,24,
"ZcTag094",180772,16605,35.89181,-74.44307,0,08/01/2019 11:19:39,Argos,0,103,SR,,401677772.94,08/01/2019 11:19:44,1,6,0,-123,401677772.94,-74.44307,35.89181,-74.44307,35.89181,56,3,5108,42074,620,90,2588,219,237,125,254,8,1,106,100,102,198,36,164,227,46,102,106,209,50,195,48,42,130,106,50,98,102,38,101,166,102,100,
"ZcTag094",180772,16605,35.89181,-74.44307,0,08/01/2019 11:19:39,Argos,0,103,SR,,401677772.94,08/01/2019 11:20:02,1,6,0,-123,401677772.94,-74.44307,35.89181,-74.44307,35.89181,56,3,5108,42074,620,90,2588,4,165,54,181,0,4,97,50,56,5,16,5,136,20,127,252,224,4,3,5,76,127,192,,,,,,,,,
"ZcTag094",180772,16605,35.89181,-74.44307,0,08/01/2019 11:19:39,Argos,0,103,SR,,401677772.94,08/01/2019 11:20:37,1,6,0,-123,401677772.94,-74.44307,35.89181,-74.44307,35.89181,56,3,5108,42074,620,90,2588,222,171,173,253,8,0,184,60,60,60,60,60,60,60,60,60,60,60,60,60,62,96,161,81,193,156,95,59,191,251,248,
"ZcTag094",180772,16605,35.76608,-74.35724,0,08/01/2019 15:38:40,Argos,0,110,MC,,401677699.69,08/01/2019 15:37:48,1,7,2,-118,401677699.69,-74.35724,35.76608,-74.35724,35.76608,58,3,5194,67535,399,102,2676,222,171,173,253,8,0,184,60,60,60,60,60,60,60,60,60,60,60,60,60,62,96,161,81,193,156,95,59,191,251,248,
"ZcTag094",180772,16605,36.15343,-74.24407,0,08/01/2019 15:38:43,Argos,0,110,NN,,401677716.26,08/01/2019 15:37:48,1,6,0,-132,401677716.26,-74.24407,36.15343,-74.24407,36.15343,47,3,10625,89736,1258,101,4114,222,171,173,253,8,0,184,60,60,60,60,60,60,60,60,60,60,60,60,60,62,96,161,81,193,156,95,59,191,251,248,
"ZcTag094",180772,16605,35.76608,-74.35724,0,08/01/2019 15:38:40,Argos,0,110,MC,,401677699.69,08/01/2019 15:38:02,1,7,2,-118,401677699.69,-74.35724,35.76608,-74.35724,35.76608,58,3,5194,67535,399,102,2676,213,226,46,2,136,2,128,,,,,,,,,,,,,,,,,,,,,,,,,
"ZcTag094",180772,16605,36.15343,-74.24407,0,08/01/2019 15:38:43,Argos,0,110,NN,,401677716.26,08/01/2019 15:38:02,1,6,0,-132,401677716.26,-74.24407,36.15343,-74.24407,36.15343,47,3,10625,89736,1258,101,4114,213,226,46,2,136,2,128,,,,,,,,,,,,,,,,,,,,,,,,,
"ZcTag094",180772,16605,35.76608,-74.35724,0,08/01/2019 15:38:40,Argos,0,110,MC,,401677699.69,08/01/2019 15:38:20,1,7,2,-118,401677699.69,-74.35724,35.76608,-74.35724,35.76608,58,3,5194,67535,399,102,2676,219,131,222,2,72,0,45,85,84,144,221,21,72,72,3,208,196,0,0,,,,,,,,,,,,,
"ZcTag094",180772,16605,35.76608,-74.35724,0,08/01/2019 15:38:40,Argos,0,110,MC,,401677699.69,08/01/2019 15:38:35,1,7,2,-118,401677699.69,-74.35724,35.76608,-74.35724,35.76608,58,3,5194,67535,399,102,2676,210,64,94,2,140,75,175,10,253,136,32,9,99,38,133,225,237,101,244,64,132,192,77,194,248,196,196,12,224,129,194,
"ZcTag094",180772,16605,36.15343,-74.24407,0,08/01/2019 15:38:43,Argos,0,110,NN,,401677716.26,08/01/2019 15:38:35,1,6,0,-132,401677716.26,-74.24407,36.15343,-74.24407,36.15343,47,3,10625,89736,1258,101,4114,210,64,94,162,6,241,202,135,30,39,127,221,121,66,33,25,247,22,180,240,95,172,5,253,175,194,53,99,83,194,199,
"ZcTag094",180772,16605,35.76608,-74.35724,0,08/01/2019 15:38:40,Argos,0,110,MC,,401677699.69,08/01/2019 15:38:59,1,7,2,-118,401677699.69,-74.35724,35.76608,-74.35724,35.76608,58,3,5194,67535,399,102,2676,212,118,77,255,72,0,128,204,204,204,204,204,204,204,204,204,204,204,204,204,204,204,204,204,204,204,204,204,204,204,204,
"ZcTag094",180772,16605,36.15343,-74.24407,0,08/01/2019 15:38:43,Argos,0,110,NN,,401677716.26,08/01/2019 15:38:59,1,6,0,-132,401677716.26,-74.24407,36.15343,-74.24407,36.15343,47,3,10625,89736,1258,101,4114,212,118,77,255,72,0,128,204,204,204,204,204,204,204,204,204,204,204,204,204,204,204,204,204,204,204,204,204,204,204,204,
"ZcTag094",180772,16605,35.76608,-74.35724,0,08/01/2019 15:38:40,Argos,0,110,MC,,401677699.69,08/01/2019 15:39:17,1,7,2,-118,401677699.69,-74.35724,35.76608,-74.35724,35.76608,58,3,5194,67535,399,102,2676,220,142,13,255,8,3,248,0,0,0,0,0,0,0,0,0,0,0,0,0,1,107,55,237,128,0,0,,,,,
"ZcTag094",180772,16605,36.15343,-74.24407,0,08/01/2019 15:38:43,Argos,0,110,NN,,401677716.26,08/01/2019 15:39:17,1,6,0,-132,401677716.26,-74.24407,36.15343,-74.24407,36.15343,47,3,10625,89736,1258,101,4114,220,142,13,251,8,3,248,0,0,0,0,0,0,0,0,0,0,0,0,0,1,107,55,237,128,0,0,,,,,
"ZcTag094",180772,16605,35.76608,-74.35724,0,08/01/2019 15:38:40,Argos,0,110,MC,,401677699.69,08/01/2019 15:39:38,1,7,2,-118,401677699.69,-74.35724,35.76608,-74.35724,35.76608,58,3,5194,67535,399,102,2676,213,75,13,254,200,1,155,187,119,42,1,162,92,26,33,64,0,0,5,51,127,255,119,46,88,30,12,4,64,0,11,
"ZcTag094",180772,16605,36.15343,-74.24407,0,08/01/2019 15:38:43,Argos,0,110,NN,,401677716.26,08/01/2019 15:39:38,1,6,0,-132,401677716.26,-74.24407,36.15343,-74.24407,36.15343,47,3,10625,89736,1258,101,4114,213,75,13,254,200,1,155,187,119,42,1,162,92,26,33,64,0,0,5,51,127,255,119,46,88,30,12,4,64,0,1,
"ZcTag094",180772,16605,35.76181,-74.27276,0,08/01/2019 19:56:03,Argos,0,93,NP,,401677717.24,08/01/2019 19:55:22,1,5,0,-133,401677717.24,-74.27276,35.76181,-74.27276,35.76181,58,3,4594,21305,990,45,3839,221,117,173,254,72,3,202,1,94,29,226,32,32,134,30,5,161,197,153,221,225,226,2,34,66,34,65,220,25,222,24,
"ZcTag094",180772,16605,35.76181,-74.27276,0,08/01/2019 19:56:03,Argos,0,93,NP,,401677717.24,08/01/2019 19:55:58,1,5,0,-133,401677717.24,-74.27276,35.76181,-74.27276,35.76181,58,3,4594,21305,990,45,3839,209,58,157,253,72,0,123,114,66,42,129,33,129,165,70,251,255,251,183,36,197,128,64,68,4,4,64,64,68,4,64,
"ZcTag094",180772,16605,35.76181,-74.27276,0,08/01/2019 19:56:03,Argos,0,93,NP,,401677717.24,08/01/2019 19:56:15,1,5,0,-133,401677717.24,-74.27276,35.76181,-74.27276,35.76181,58,3,4594,21305,990,45,3839,222,171,173,253,8,0,184,60,60,60,60,60,60,60,60,60,60,60,60,60,62,96,161,81,193,156,95,59,191,251,248,
"ZcTag094",180772,16605,35.76181,-74.27276,0,08/01/2019 19:56:03,Argos,0,93,NP,,401677717.24,08/01/2019 19:56:39,1,5,0,-133,401677717.24,-74.27276,35.76181,-74.27276,35.76181,58,3,4594,21305,990,45,3839,216,19,222,3,8,0,3,255,255,255,255,255,255,255,255,255,255,255,255,255,255,255,255,255,255,255,255,255,255,255,252,
"ZcTag094",180772,16605,35.76181,-74.27276,0,08/01/2019 19:56:03,Argos,0,93,NP,,401677717.24,08/01/2019 19:56:55,1,5,0,-133,401677717.24,-74.27276,35.76181,-74.27276,35.76181,58,3,4594,21305,990,45,3839,213,226,62,2,200,0,48,,,,,,,,,,,,,,,,,,,,,,,,,
"ZcTag094",180772,16605,35.74397,-74.22547,A,08/01/2019 21:52:26,Argos,0,91,NK,,401677757.09,08/01/2019 21:51:51,1,3,0,-133,401677757.09,-74.22547,35.74397,-74.22547,35.74397,7,3,3953,21531,725,17,5140,212,118,77,255,72,0,128,204,204,204,204,204,204,204,204,204,204,204,204,204,204,204,204,204,204,204,204,204,204,204,204,
"ZcTag094",180772,16605,35.74397,-74.22547,A,08/01/2019 21:52:26,Argos,0,91,NK,,401677757.09,08/01/2019 21:52:06,1,3,0,-133,401677757.09,-74.22547,35.74397,-74.22547,35.74397,7,3,3953,21531,725,17,5140,220,142,13,255,8,3,248,0,0,0,0,0,0,0,0,0,0,0,0,0,1,107,55,237,128,0,0,,,,,
"ZcTag094",180772,16605,35.74397,-74.22547,A,08/01/2019 21:52:26,Argos,0,91,NK,,401677757.09,08/01/2019 21:53:22,1,3,0,-133,401677757.09,-74.22547,35.74397,-74.22547,35.74397,7,3,3953,21531,725,17,5140,223,219,253,254,136,1,120,0,0,20,130,17,51,127,187,183,50,166,13,30,16,21,156,21,225,129,94,28,35,51,188,
"ZcTag094",180772,16605,35.89638,-74.17985,A,08/01/2019 21:54:06,Argos,0,97,SR,,401677686.9,08/01/2019 21:53:22,1,3,0,-133,401677686.9,-74.17985,35.89638,-74.17985,35.89638,6,3,460,671,315,104,1092,223,218,253,254,136,1,120,0,0,20,130,17,51,127,187,183,50,162,13,30,16,21,156,21,229,129,94,28,35,59,188,
"ZcTag094",180772,16605,35.89638,-74.17985,A,08/01/2019 21:54:06,Argos,0,97,SR,,401677686.9,08/01/2019 21:53:58,1,3,0,-133,401677686.9,-74.17985,35.89638,-74.17985,35.89638,6,3,460,671,315,104,1092,221,117,173,254,72,3,202,1,94,29,226,32,32,134,30,5,161,197,153,221,225,226,2,34,66,34,65,220,25,222,24,
"ZcTag094",180772,16605,35.89638,-74.17985,A,08/01/2019 21:54:06,Argos,0,97,SR,,401677686.9,08/01/2019 21:55:00,1,3,0,-133,401677686.9,-74.17985,35.89638,-74.17985,35.89638,6,3,460,671,315,104,1092,219,237,125,254,8,1,106,100,102,198,36,164,227,46,102,106,209,50,28,79,15,71,241,253,223,239,200,216,193,209,244,
"ZcTag094",180772,16605,35.85934,-74.22613,0,08/01/2019 23:19:27,Argos,0,77,NP,,401677703.93,08/01/2019 23:18:49,1,4,0,-133,401677703.93,-74.22613,35.85934,-74.22613,35.85934,58,3,4319,8071,2311,162,2645,212,118,77,255,72,0,128,204,204,204,204,204,204,204,204,204,204,204,204,204,204,204,204,204,204,204,204,204,204,204,204,
"ZcTag094",180772,16605,35.85934,-74.22613,0,08/01/2019 23:19:27,Argos,0,77,NP,,401677703.93,08/01/2019 23:19:09,1,4,0,-133,401677703.93,-74.22613,35.85934,-74.22613,35.85934,58,3,4319,8071,2311,162,2645,220,142,13,255,8,3,248,0,0,0,0,0,0,0,0,0,0,0,0,0,1,107,55,237,128,0,0,,,,,
"ZcTag094",180772,16605,35.85934,-74.22613,0,08/01/2019 23:19:27,Argos,0,77,NP,,401677703.93,08/01/2019 23:19:46,1,4,0,-133,401677703.93,-74.22613,35.85934,-74.22613,35.85934,58,3,4319,8071,2311,162,2645,223,218,253,254,136,1,120,0,0,20,130,17,51,127,187,183,50,166,13,30,16,21,156,21,225,129,94,28,35,59,188,
"ZcTag094",180772,16605,35.85934,-74.22613,0,08/01/2019 23:19:27,Argos,0,77,NP,,401677703.93,08/01/2019 23:20:06,1,4,0,-133,401677703.93,-74.22613,35.85934,-74.22613,35.85934,58,3,4319,8071,2311,162,2645,221,117,173,254,72,3,202,1,94,29,226,32,32,134,94,5,161,197,153,221,203,110,3,69,84,30,231,78,192,200,238,
"ZcTag094",180772,16605,35.94394,-74.20752,0,08/01/2019 23:33:00,Argos,0,75,SR,,401677681.47,08/01/2019 23:32:23,1,4,0,-135,401677681.47,-74.20752,35.94394,-74.20752,35.94394,56,3,3604,11987,1083,125,2037,209,58,157,253,72,0,123,114,66,42,129,33,129,165,70,251,255,251,183,36,197,128,64,68,4,4,64,64,68,4,64,
"ZcTag094",180772,16605,35.93604,-74.21865,0,08/01/2019 23:33:00,Argos,0,75,NK,,401677677.58,08/01/2019 23:32:23,1,5,0,-123,401677677.58,-74.21865,35.93604,-74.21865,35.93604,56,3,1703,6242,464,83,1214,209,58,157,253,72,0,123,114,66,42,129,33,129,165,70,251,255,251,183,36,197,128,64,68,4,4,64,64,68,4,64,
"ZcTag094",180772,16605,35.94394,-74.20752,0,08/01/2019 23:33:00,Argos,0,75,SR,,401677681.47,08/01/2019 23:32:41,1,4,0,-135,401677681.47,-74.20752,35.94394,-74.20752,35.94394,56,3,3604,11987,1083,125,2037,222,171,173,253,8,0,26,108,62,56,60,60,60,60,60,60,60,60,60,60,62,96,161,81,193,156,95,59,191,251,248,
"ZcTag094",180772,16605,35.93604,-74.21865,0,08/01/2019 23:33:00,Argos,0,75,NK,,401677677.58,08/01/2019 23:32:41,1,5,0,-123,401677677.58,-74.21865,35.93604,-74.21865,35.93604,56,3,1703,6242,464,83,1214,222,171,173,253,8,0,184,60,60,60,60,60,60,60,60,60,60,60,60,60,62,96,161,81,193,156,95,59,191,251,248,
"ZcTag094",180772,16605,35.93604,-74.21865,0,08/01/2019 23:33:00,Argos,0,75,NK,,401677677.58,08/01/2019 23:32:59,1,5,0,-123,401677677.58,-74.21865,35.93604,-74.21865,35.93604,56,3,1703,6242,464,83,1214,216,19,222,3,8,0,3,255,255,255,255,255,255,255,255,255,255,255,255,255,255,255,255,255,255,255,255,255,255,255,252,
"ZcTag094",180772,16605,35.94394,-74.20752,0,08/01/2019 23:33:00,Argos,0,75,SR,,401677681.47,08/01/2019 23:33:19,1,4,0,-135,401677681.47,-74.20752,35.94394,-74.20752,35.94394,56,3,3604,11987,1083,125,2037,213,226,62,2,200,0,48,,,,,,,,,,,,,,,,,,,,,,,,,
"ZcTag094",180772,16605,35.93604,-74.21865,0,08/01/2019 23:33:00,Argos,0,75,NK,,401677677.58,08/01/2019 23:33:19,1,5,0,-123,401677677.58,-74.21865,35.93604,-74.21865,35.93604,56,3,1703,6242,464,83,1214,213,226,62,2,200,0,48,,,,,,,,,,,,,,,,,,,,,,,,,
"ZcTag094",180772,16605,35.94394,-74.20752,0,08/01/2019 23:33:00,Argos,0,75,SR,,401677681.47,08/01/2019 23:33:38,1,4,0,-135,401677681.47,-74.20752,35.94394,-74.20752,35.94394,56,3,3604,11987,1083,125,2037,213,226,110,130,136,2,128,,,,,,,,,,,,,,,,,,,,,,,,,
"ZcTag094",180772,16605,35.93604,-74.21865,0,08/01/2019 23:33:00,Argos,0,75,NK,,401677677.58,08/01/2019 23:33:38,1,5,0,-123,401677677.58,-74.21865,35.93604,-74.21865,35.93604,56,3,1703,6242,464,83,1214,213,226,46,2,136,2,128,,,,,,,,,,,,,,,,,,,,,,,,,
"ZcTag094",180772,16605,35.94501,-74.20266,A,08/01/2019 23:45:26,Argos,0,37,NN,,401677682.74,08/01/2019 23:45:08,1,3,0,-133,401677682.74,-74.20266,35.94501,-74.20266,35.94501,6,3,2148,4536,1016,125,2255,219,131,222,2,72,0,45,85,84,144,221,21,72,72,3,208,196,0,0,,,,,,,,,,,,,
"ZcTag094",180772,16605,35.94501,-74.20266,A,08/01/2019 23:45:26,Argos,0,37,NN,,401677682.74,08/01/2019 23:45:27,1,3,0,-133,401677682.74,-74.20266,35.94501,-74.20266,35.94501,6,3,2148,4536,1016,125,2255,210,64,94,2,8,3,200,0,2,238,130,170,100,38,102,102,64,0,0,0,0,0,0,68,202,100,94,7,111,54,68,
"ZcTag094",180772,16605,35.94501,-74.20266,A,08/01/2019 23:45:26,Argos,0,37,NN,,401677682.74,08/01/2019 23:45:45,1,3,0,-133,401677682.74,-74.20266,35.94501,-74.20266,35.94501,6,3,2148,4536,1016,125,2255,212,118,77,255,72,0,128,204,204,204,204,204,204,204,204,204,204,204,204,204,204,204,204,204,204,204,204,204,204,204,204,
"ZcTag094",180772,16605,36.13911,-74.58495,0,08/02/2019 01:19:39,Argos,0,99,MC,,401677732,08/02/2019 01:19:40,1,4,0,-127,401677732,-74.58495,36.13911,-74.58495,36.13911,46,3,23010,78024,6785,45,2965,210,64,94,2,8,3,200,0,2,238,130,170,100,38,102,102,64,0,0,0,0,0,0,68,202,100,94,7,111,54,68,
"ZcTag094",180772,16605,35.34573,-75.00872,0,08/02/2019 01:19:48,Argos,0,155,NN,,401677796.48,08/02/2019 01:19:40,1,7,0,-123,401677796.48,-75.00872,35.34573,-75.00872,35.34573,46,3,28242,119779,6659,65,1556,210,64,94,2,8,3,200,0,2,238,130,170,100,38,102,102,64,0,0,0,0,0,0,68,202,100,94,7,111,54,68,
"ZcTag094",180772,16605,36.13911,-74.58495,0,08/02/2019 01:19:39,Argos,0,99,MC,,401677732,08/02/2019 01:19:57,1,4,0,-127,401677732,-74.58495,36.13911,-74.58495,36.13911,46,3,23010,78024,6785,45,2965,212,118,77,255,72,0,128,204,204,204,204,204,205,134,102,39,39,167,226,227,99,51,230,35,1,115,98,99,35,51,115,
"ZcTag094",180772,16605,35.34573,-75.00872,0,08/02/2019 01:19:48,Argos,0,155,NN,,401677796.48,08/02/2019 01:19:57,1,7,0,-123,401677796.48,-75.00872,35.34573,-75.00872,35.34573,46,3,28242,119779,6659,65,1556,212,118,77,255,72,0,128,204,204,204,204,204,204,204,204,204,204,204,204,204,204,204,204,204,204,204,204,204,204,204,204,
"ZcTag094",180772,16605,36.13911,-74.58495,0,08/02/2019 01:19:39,Argos,0,99,MC,,401677732,08/02/2019 01:20:31,1,4,0,-127,401677732,-74.58495,36.13911,-74.58495,36.13911,46,3,23010,78024,6785,45,2965,213,75,13,254,200,1,155,187,119,42,1,162,92,26,33,64,0,4,5,51,127,255,119,46,88,30,12,4,64,0,4,
"ZcTag094",180772,16605,35.34573,-75.00872,0,08/02/2019 01:19:48,Argos,0,155,NN,,401677796.48,08/02/2019 01:20:31,1,7,0,-123,401677796.48,-75.00872,35.34573,-75.00872,35.34573,46,3,28242,119779,6659,65,1556,213,75,13,254,200,1,155,187,119,42,1,162,92,26,33,64,0,0,5,51,127,255,119,46,88,30,12,4,64,0,4,
"ZcTag094",180772,16605,35.34573,-75.00872,0,08/02/2019 01:19:48,Argos,0,155,NN,,401677796.48,08/02/2019 01:20:50,1,7,0,-123,401677796.48,-75.00872,35.34573,-75.00872,35.34573,46,3,28242,119779,6659,65,1556,223,218,253,254,136,1,120,0,0,20,130,17,51,127,187,183,50,166,13,30,16,21,156,21,225,129,94,28,35,59,188,
"ZcTag094",180772,16605,36.13911,-74.58495,0,08/02/2019 01:19:39,Argos,0,99,MC,,401677732,08/02/2019 01:21:20,1,4,0,-127,401677732,-74.58495,36.13911,-74.58495,36.13911,46,3,23010,78024,6785,45,2965,219,237,125,254,8,1,106,100,102,198,36,164,227,46,102,106,209,50,195,48,42,130,106,50,96,118,38,101,166,102,101,
"ZcTag094",180772,16605,35.34573,-75.00872,0,08/02/2019 01:19:48,Argos,0,155,NN,,401677796.48,08/02/2019 01:21:20,1,7,0,-123,401677796.48,-75.00872,35.34573,-75.00872,35.34573,46,3,28242,119779,6659,65,1556,219,237,125,254,8,1,106,100,102,198,36,164,227,46,102,106,209,50,195,48,42,130,106,50,98,102,38,101,166,102,100,
"ZcTag094",180772,16605,35.34573,-75.00872,0,08/02/2019 01:19:48,Argos,0,155,NN,,401677796.48,08/02/2019 01:21:39,1,7,0,-123,401677796.48,-75.00872,35.34573,-75.00872,35.34573,46,3,28242,119779,6659,65,1556,209,58,157,253,72,0,123,114,66,42,129,33,129,165,70,251,255,251,183,36,197,128,64,68,4,4,64,64,68,4,64,
"ZcTag094",180772,16605,35.34573,-75.00872,0,08/02/2019 01:19:48,Argos,0,155,NN,,401677796.48,08/02/2019 01:22:15,1,7,0,-123,401677796.48,-75.00872,35.34573,-75.00872,35.34573,46,3,28242,119779,6659,65,1556,211,77,46,3,72,0,65,221,221,221,221,221,221,221,221,221,221,221,221,221,221,221,221,221,221,221,221,221,221,221,220,
