DeployID,Ptt,Instr,Date,Type,Quality,Latitude,Longitude,Error radius,Error Semi-major axis,Error Semi-minor axis,Error Ellipse orientation,Offset,Offset orientation,GPE MSD,GPE U,Count,Comment
ZcTag089,180768,Mk10,23:44:38 02-Jun-2019,Argos,A,44.1414,-33.5153,2344,28393,193,92,,,,,,Speed to avg loc 89 x median
ZcTag089,180768,Mk10,00:48:48 03-Jun-2019,Argos,0,43.2546,-115.9695,2590,12794,524,67,,,,,,Speed to avg loc 88 x median
ZcTag089,180768,Mk10,02:27:12 03-Jun-2019,Argos,B,43.2155,-116.0356,3070,5317,1772,78,,,,,,Speed to avg loc 88 x median
ZcTag089,180768,Mk10,09:59:13 03-Jun-2019,Argos,Z,50.2433,-62.5971,,,,,,,,,,Speed to avg loc 47 x median
ZcTag089,180768,Mk10,11:52:28 03-Jun-2019,Argos,Z,38.4281,-130.5029,,,,,,,,,,Speed to avg loc 119 x median
ZcTag089,180768,Mk10,13:43:02 03-Jun-2019,Argos,A,34.5793,-67.4282,21539,199845,2321,157,,,,,,
ZcTag089,180768,Mk10,14:22:19 03-Jun-2019,Argos,Z,34.4665,-67.4038,21979,107858,4478,157,,,,,,Lon > 4 deviations from mean
ZcTag089,180768,Mk10,15:58:47 03-Jun-2019,Argos,0,41.1186,-104.0219,21672,563150,834,83,,,,,,Speed to avg loc 63 x median
ZcTag089,180768,Mk10,23:12:20 03-Jun-2019,Argos,A,35.4285,-75.3433,1929,31021,119,90,,,,,,
ZcTag089,180768,Mk10,00:48:48 04-Jun-2019,Argos,0,35.4611,-75.1392,7684,156609,377,93,,,,,,
ZcTag089,180768,Mk10,00:51:43 04-Jun-2019,Argos,B,35.4286,-75.0065,5481,17801,1687,94,,,,,,
ZcTag089,180768,Mk10,01:08:59 04-Jun-2019,Argos,0,35.4256,-74.9348,4103,108599,155,77,,,,,,
ZcTag089,180768,Mk10,02:39:12 04-Jun-2019,Argos,A,35.6232,-74.7258,5049,27702,920,99,,,,,,
ZcTag089,180768,Mk10,03:11:04 04-Jun-2019,Argos,B,35.4147,-74.6246,1292,5459,305,78,,,,,,
ZcTag089,180768,Mk10,11:29:46 04-Jun-2019,Argos,0,35.2063,-74.8470,7172,71058,723,108,,,,,,
ZcTag089,180768,Mk10,11:30:12 04-Jun-2019,Argos,0,35.6368,-75.8546,32078,258721,3977,102,,,,,,
ZcTag089,180768,Mk10,11:30:21 04-Jun-2019,Argos,0,35.2491,-74.9140,2220,4620,1066,140,,,,,,
ZcTag089,180768,Mk10,13:42:17 04-Jun-2019,Argos,0,35.0423,-75.1583,10111,44540,2295,128,,,,,,
ZcTag089,180768,Mk10,14:32:40 04-Jun-2019,Argos,B,35.0320,-75.1756,11514,22111,5995,124,,,,,,
ZcTag089,180768,Mk10,15:31:48 04-Jun-2019,Argos,A,35.1172,-73.9897,8819,123152,631,155,,,,,,
ZcTag089,180768,Mk10,21:03:25 04-Jun-2019,Argos,B,38.7851,-64.3787,34103,621379,1871,5,,,,,,Speed to avg loc 25 x median
ZcTag089,180768,Mk10,22:44:28 04-Jun-2019,Argos,0,35.7617,-78.2365,18130,67562,4865,102,,,,,,
ZcTag089,180768,Mk10,01:01:48 05-Jun-2019,Argos,Z,35.1679,-76.2910,56038,370079,8485,87,,,,,,
ZcTag089,180768,Mk10,01:23:07 05-Jun-2019,Argos,Z,35.8914,-77.3854,23484,42915,12850,108,,,,,,
ZcTag089,180768,Mk10,02:18:46 05-Jun-2019,Argos,0,35.6122,-74.5077,19902,601775,658,110,,,,,,
ZcTag089,180768,Mk10,02:37:40 05-Jun-2019,Argos,B,35.6449,-74.5949,4647,25270,854,109,,,,,,
ZcTag089,180768,Mk10,02:57:03 05-Jun-2019,Argos,0,35.4944,-74.7303,7392,52220,1046,68,,,,,,
ZcTag089,180768,Mk10,11:04:26 05-Jun-2019,Argos,B,35.5310,-74.6805,33183,41550,26501,92,,,,,,
ZcTag089,180768,Mk10,11:05:09 05-Jun-2019,Argos,0,35.5931,-74.7145,8341,71609,971,111,,,,,,
ZcTag089,180768,Mk10,13:32:15 05-Jun-2019,Argos,0,35.7262,-74.7577,11378,73877,1752,121,,,,,,
ZcTag089,180768,Mk10,13:32:23 05-Jun-2019,Argos,B,35.7100,-74.7361,16421,89500,3012,121,,,,,,
ZcTag089,180768,Mk10,14:27:59 05-Jun-2019,Argos,B,35.7294,-74.7439,21773,37469,12652,115,,,,,,
ZcTag089,180768,Mk10,20:57:27 05-Jun-2019,Argos,0,35.3717,-74.7524,1598,6085,419,63,,,,,,
ZcTag089,180768,Mk10,22:34:56 05-Jun-2019,Argos,B,35.3637,-74.7570,15816,19394,12897,83,,,,,,
ZcTag089,180768,Mk10,23:17:01 05-Jun-2019,Argos,0,35.3702,-74.7663,3958,32634,480,105,,,,,,
ZcTag089,180768,Mk10,00:00:12 06-Jun-2019,Argos,0,35.3033,-74.6363,11397,47794,2717,61,,,,,,
ZcTag089,180768,Mk10,01:32:07 06-Jun-2019,Argos,B,35.5458,-75.0232,18992,81197,4442,49,,,,,,
ZcTag089,180768,Mk10,01:51:03 06-Jun-2019,Argos,0,35.4312,-74.7514,3976,51211,308,85,,,,,,
ZcTag089,180768,Mk10,02:30:44 06-Jun-2019,Argos,A,35.4567,-74.8364,9173,11428,7362,57,,,,,,
ZcTag089,180768,Mk10,02:31:00 06-Jun-2019,Argos,1,35.5055,-74.8544,501,775,324,121,,,,,,
ZcTag089,180768,Mk10,08:48:18 06-Jun-2019,Argos,B,35.5615,-75.2343,9246,14277,5987,83,,,,,,
ZcTag089,180768,Mk10,10:24:10 06-Jun-2019,Argos,A,35.1368,-75.3513,19290,93244,3990,87,,,,,,
ZcTag089,180768,Mk10,10:44:45 06-Jun-2019,Argos,B,35.1364,-75.1100,18697,64819,5393,87,,,,,,
ZcTag089,180768,Mk10,11:08:42 06-Jun-2019,Argos,B,35.1421,-75.0193,14838,37966,5798,87,,,,,,
ZcTag089,180768,Mk10,12:23:22 06-Jun-2019,Argos,Z,35.4390,-74.7947,22941,632963,831,102,,,,,,
ZcTag089,180768,Mk10,14:50:56 06-Jun-2019,Argos,A,35.4279,-74.3906,22921,216891,2422,116,,,,,,
ZcTag089,180768,Mk10,14:51:10 06-Jun-2019,Argos,0,35.5777,-74.6514,23801,155925,3633,110,,,,,,
ZcTag089,180768,Mk10,20:49:38 06-Jun-2019,Argos,0,35.5473,-74.8099,6411,86686,474,60,,,,,,
ZcTag089,180768,Mk10,23:40:27 06-Jun-2019,Argos,0,35.4522,-74.8658,1726,22873,130,74,,,,,,
ZcTag089,180768,Mk10,23:55:09 06-Jun-2019,Argos,B,35.5148,-74.8310,9875,16845,5788,65,,,,,,
ZcTag089,180768,Mk10,01:29:51 07-Jun-2019,Argos,0,35.4778,-74.6361,3595,19259,671,72,,,,,,
ZcTag089,180768,Mk10,02:45:57 07-Jun-2019,Argos,0,35.3952,-74.7062,2377,14004,403,108,,,,,,
ZcTag089,180768,Mk10,09:10:24 07-Jun-2019,Argos,0,35.5271,-74.7307,3491,20200,603,134,,,,,,
ZcTag089,180768,Mk10,13:53:20 07-Jun-2019,Argos,1,35.4585,-74.6847,872,2747,276,54,,,,,,
ZcTag089,180768,Mk10,14:36:50 07-Jun-2019,Argos,0,35.3144,-74.7903,6646,33758,1308,116,,,,,,
ZcTag089,180768,Mk10,14:37:52 07-Jun-2019,Argos,0,35.1837,-74.4053,34092,129058,9005,119,,,,,,
ZcTag089,180768,Mk10,15:07:13 07-Jun-2019,Argos,0,35.5015,-74.8973,3801,7031,2055,108,,,,,,
ZcTag089,180768,Mk10,23:13:02 07-Jun-2019,Argos,0,35.5803,-74.7563,12307,203605,743,70,,,,,,
ZcTag089,180768,Mk10,00:11:16 08-Jun-2019,Argos,0,35.5651,-74.4893,23386,51221,10677,47,,,,,,
ZcTag089,180768,Mk10,01:55:21 08-Jun-2019,Argos,0,35.7064,-74.5566,11545,197680,674,72,,,,,,
ZcTag089,180768,Mk10,12:53:54 08-Jun-2019,Argos,B,35.7030,-74.1236,29502,43410,20049,109,,,,,,
ZcTag089,180768,Mk10,13:14:32 08-Jun-2019,Argos,0,35.8122,-74.2749,4228,47802,374,109,,,,,,
ZcTag089,180768,Mk10,14:07:29 08-Jun-2019,Argos,B,35.8188,-74.2827,6506,10409,4066,102,,,,,,
ZcTag089,180768,Mk10,14:30:07 08-Jun-2019,Argos,2,35.8746,-74.2594,364,497,266,71,,,,,,
ZcTag089,180768,Mk10,14:30:07 08-Jun-2019,Argos,2,35.8746,-74.2594,364,497,266,71,,,,,,
ZcTag089,180768,Mk10,20:29:20 08-Jun-2019,Argos,B,36.0346,-74.5290,10793,20207,5764,46,,,,,,
ZcTag089,180768,Mk10,23:17:58 08-Jun-2019,Argos,0,35.9540,-74.5202,18896,312344,1143,102,,,,,,
ZcTag089,180768,Mk10,00:09:15 09-Jun-2019,Argos,0,35.7576,-74.4088,27607,223093,3416,90,,,,,,
ZcTag089,180768,Mk10,00:58:06 09-Jun-2019,Argos,B,35.7015,-74.4022,27078,69955,10481,90,,,,,,
ZcTag089,180768,Mk10,00:58:24 09-Jun-2019,Argos,B,35.7071,-74.3872,22838,59230,8805,92,,,,,,
ZcTag089,180768,Mk10,01:34:34 09-Jun-2019,Argos,Z,35.8683,-74.6197,13970,188376,1036,70,,,,,,
ZcTag089,180768,Mk10,01:59:53 09-Jun-2019,Argos,0,35.8687,-74.3061,54972,,,,,,,,,
ZcTag089,180768,Mk10,02:00:50 09-Jun-2019,Argos,B,35.8104,-74.4440,29028,75717,11128,140,,,,,,
ZcTag089,180768,Mk10,08:44:51 09-Jun-2019,Argos,B,35.8806,-73.9285,78280,135729,45146,77,,,,,,
ZcTag089,180768,Mk10,10:29:48 09-Jun-2019,Argos,0,35.7571,-73.7032,18453,95211,3576,64,,,,,,
ZcTag089,180768,Mk10,10:30:12 09-Jun-2019,Argos,0,35.5567,-74.2575,20156,232233,1749,108,,,,,,
ZcTag089,180768,Mk10,11:04:04 09-Jun-2019,Argos,0,36.0206,-75.1280,27364,725969,1031,103,,,,,,
ZcTag089,180768,Mk10,12:53:10 09-Jun-2019,Argos,B,35.0328,-73.7788,27112,,,,,,,,,
ZcTag089,180768,Mk10,13:07:28 09-Jun-2019,Argos,B,35.9186,-72.8470,14449,41805,4993,59,,,,,,Lon > 4 deviations from mean
ZcTag089,180768,Mk10,13:47:48 09-Jun-2019,Argos,B,36.2072,-73.5446,7886,351548,176,51,,,,,,
ZcTag089,180768,Mk10,14:54:01 09-Jun-2019,Argos,Z,35.4864,-73.6379,45225,603770,3387,96,,,,,,
ZcTag089,180768,Mk10,20:15:32 09-Jun-2019,Argos,0,35.7231,-74.9271,9462,216725,413,70,,,,,,
ZcTag089,180768,Mk10,21:56:13 09-Jun-2019,Argos,0,35.7860,-74.6945,7466,57637,967,100,,,,,,
ZcTag089,180768,Mk10,01:17:43 10-Jun-2019,Argos,B,35.8322,-74.6080,9911,16002,6137,98,,,,,,
ZcTag089,180768,Mk10,02:09:09 10-Jun-2019,Argos,B,35.6939,-74.5825,20562,111195,3802,74,,,,,,
ZcTag089,180768,Mk10,02:48:48 10-Jun-2019,Argos,0,35.5810,-74.2589,35822,736732,1741,75,,,,,,
ZcTag089,180768,Mk10,09:58:40 10-Jun-2019,Argos,B,35.0902,-73.9266,13297,29825,5928,100,,,,,,
ZcTag089,180768,Mk10,12:53:27 10-Jun-2019,Argos,B,34.9231,-73.7206,12986,27980,6026,107,,,,,,
ZcTag089,180768,Mk10,13:33:35 10-Jun-2019,Argos,0,35.3609,-74.5087,7945,84651,745,62,,,,,,
ZcTag089,180768,Mk10,15:06:31 10-Jun-2019,Argos,A,35.6003,-74.0524,5721,8303,3942,119,,,,,,
ZcTag089,180768,Mk10,15:48:27 10-Jun-2019,Argos,B,35.3187,-74.4868,11141,262476,472,76,,,,,,
ZcTag089,180768,Mk10,15:49:17 10-Jun-2019,Argos,0,35.2109,-74.9411,5735,14974,2196,75,,,,,,
ZcTag089,180768,Mk10,16:14:05 10-Jun-2019,Argos,B,35.2075,-74.9402,10793,14446,8063,84,,,,,,
ZcTag089,180768,Mk10,20:00:59 10-Jun-2019,Argos,A,35.4405,-74.6649,9808,28776,3342,143,,,,,,
ZcTag089,180768,Mk10,23:59:56 10-Jun-2019,Argos,0,35.3857,-74.8861,6900,78271,608,111,,,,,,
ZcTag089,180768,Mk10,01:21:04 11-Jun-2019,Argos,0,35.5194,-75.1376,10915,21350,5580,52,,,,,,
ZcTag089,180768,Mk10,02:28:03 11-Jun-2019,Argos,0,35.2010,-74.9920,23500,171514,3219,67,,,,,,
ZcTag089,180768,Mk10,09:33:59 11-Jun-2019,Argos,A,35.5426,-74.4712,20237,87217,4695,108,,,,,,
ZcTag089,180768,Mk10,11:15:38 11-Jun-2019,Argos,0,35.6792,-74.5991,13865,118864,1617,89,,,,,,
ZcTag089,180768,Mk10,11:41:47 11-Jun-2019,Argos,B,35.6831,-74.6161,9604,23581,3911,93,,,,,,
ZcTag089,180768,Mk10,13:39:21 11-Jun-2019,Argos,B,35.6718,-74.6001,13731,22035,8556,86,,,,,,
ZcTag089,180768,Mk10,13:40:34 11-Jun-2019,Argos,B,35.6660,-74.6171,7351,11566,4671,88,,,,,,
ZcTag089,180768,Mk10,14:52:57 11-Jun-2019,Argos,0,35.5073,-74.6936,10007,446075,224,100,,,,,,
ZcTag089,180768,Mk10,15:32:10 11-Jun-2019,Argos,B,35.4810,-74.7025,10749,27080,4266,100,,,,,,
ZcTag089,180768,Mk10,16:31:38 11-Jun-2019,Argos,B,35.4267,-74.7100,11947,23341,6114,96,,,,,,
ZcTag089,180768,Mk10,19:52:57 11-Jun-2019,Argos,A,35.6973,-74.8631,43565,148971,12740,71,,,,,,
ZcTag089,180768,Mk10,21:32:58 11-Jun-2019,Argos,B,35.8599,-74.8150,28488,177868,4562,78,,,,,,
ZcTag089,180768,Mk10,21:33:00 11-Jun-2019,Argos,A,35.9418,-74.3001,9586,12477,7365,31,,,,,,
ZcTag089,180768,Mk10,23:12:48 11-Jun-2019,Argos,1,35.4681,-74.6687,1482,4033,544,65,,,,,,
ZcTag089,180768,Mk10,23:27:44 11-Jun-2019,Argos,0,35.5110,-74.8667,2538,12182,528,111,,,,,,
ZcTag089,180768,Mk10,00:28:31 12-Jun-2019,Argos,1,35.4793,-74.7138,1368,3347,559,135,,,,,,
ZcTag089,180768,Mk10,00:54:00 12-Jun-2019,Argos,B,35.4826,-74.7138,5096,6396,4060,95,,,,,,
ZcTag089,180768,Mk10,01:03:21 12-Jun-2019,Argos,1,35.4642,-74.7501,787,2287,270,111,,,,,,
ZcTag089,180768,Mk10,01:04:55 12-Jun-2019,Argos,B,35.4652,-74.7496,1438,1829,1130,6,,,,,,
ZcTag089,180768,Mk10,02:05:25 12-Jun-2019,Argos,0,35.3523,-74.7142,11912,21004,6755,71,,,,,,
ZcTag089,180768,Mk10,02:42:11 12-Jun-2019,Argos,0,35.4175,-74.6895,5633,42429,747,94,,,,,,
ZcTag089,180768,Mk10,10:35:46 12-Jun-2019,Argos,B,35.2989,-74.5461,18048,23208,14035,90,,,,,,
ZcTag089,180768,Mk10,11:26:24 12-Jun-2019,Argos,B,35.3373,-74.6284,14366,18149,11370,72,,,,,,
ZcTag089,180768,Mk10,13:27:00 12-Jun-2019,Argos,B,35.3188,-74.7250,12400,15502,9918,128,,,,,,
ZcTag089,180768,Mk10,13:54:40 12-Jun-2019,Argos,B,35.2282,-74.8602,25544,44486,14667,123,,,,,,
ZcTag089,180768,Mk10,14:24:54 12-Jun-2019,Argos,B,36.3449,-74.1340,56462,,,,,,,,,Lat > 4 deviations from mean
ZcTag089,180768,Mk10,15:07:16 12-Jun-2019,Argos,0,35.3835,-74.9545,5924,102927,340,92,,,,,,
ZcTag089,180768,Mk10,16:09:16 12-Jun-2019,Argos,0,35.5752,-74.9978,13273,87370,2016,71,,,,,,
ZcTag089,180768,Mk10,21:11:52 12-Jun-2019,Argos,A,35.3975,-75.3756,41648,78104,22207,96,,,,,,
ZcTag089,180768,Mk10,22:54:17 12-Jun-2019,Argos,B,35.4931,-75.4667,54871,75436,39911,83,,,,,,
ZcTag089,180768,Mk10,22:54:49 12-Jun-2019,Argos,0,35.1375,-75.4420,36232,223775,5866,91,,,,,,
ZcTag089,180768,Mk10,22:54:54 12-Jun-2019,Argos,0,35.4478,-74.7157,18243,191031,1742,103,,,,,,
ZcTag089,180768,Mk10,01:11:28 13-Jun-2019,Argos,0,35.4792,-74.8509,4795,40768,564,59,,,,,,
ZcTag089,180768,Mk10,01:11:46 13-Jun-2019,Argos,0,35.5966,-74.8766,10643,49284,2298,71,,,,,,
ZcTag089,180768,Mk10,02:26:04 13-Jun-2019,Argos,0,35.4816,-75.0234,5248,32038,859,93,,,,,,
ZcTag089,180768,Mk10,02:45:55 13-Jun-2019,Argos,A,35.3093,-74.9932,11635,71916,1882,93,,,,,,
ZcTag089,180768,Mk10,08:30:58 13-Jun-2019,Argos,B,35.1897,-75.0386,39323,45688,33844,87,,,,,,
ZcTag089,180768,Mk10,10:12:33 13-Jun-2019,Argos,0,35.2933,-75.1976,7009,113204,433,61,,,,,,
ZcTag089,180768,Mk10,11:03:48 13-Jun-2019,Argos,0,35.5937,-75.1710,13947,202707,959,106,,,,,,
ZcTag089,180768,Mk10,11:25:11 13-Jun-2019,Argos,0,35.2317,-74.7907,10062,108272,935,104,,,,,,
ZcTag089,180768,Mk10,15:45:33 13-Jun-2019,Argos,0,35.3539,-74.7063,8026,33999,1894,126,,,,,,
ZcTag089,180768,Mk10,19:28:25 13-Jun-2019,Argos,B,35.4142,-74.6748,7287,12027,4414,104,,,,,,
ZcTag089,180768,Mk10,02:02:01 14-Jun-2019,Argos,0,35.4066,-74.5044,32293,352771,2956,78,,,,,,
ZcTag089,180768,Mk10,02:29:13 14-Jun-2019,Argos,0,35.4097,-74.8146,2501,10427,600,64,,,,,,
ZcTag089,180768,Mk10,02:37:29 14-Jun-2019,Argos,B,35.4092,-74.8118,3140,4648,2120,70,,,,,,
ZcTag089,180768,Mk10,03:06:09 14-Jun-2019,Argos,1,35.3537,-74.7488,605,1177,311,125,,,,,,
ZcTag089,180768,Mk10,10:37:41 14-Jun-2019,Argos,0,35.6091,-74.5317,16466,61182,4431,100,,,,,,
ZcTag089,180768,Mk10,11:22:37 14-Jun-2019,Argos,A,35.6095,-74.5398,10409,109443,989,101,,,,,,
ZcTag089,180768,Mk10,13:11:51 14-Jun-2019,Argos,A,35.4086,-74.5882,24100,80288,7233,99,,,,,,
ZcTag089,180768,Mk10,13:58:20 14-Jun-2019,Argos,B,35.5410,-74.7173,35388,115777,10816,93,,,,,,
ZcTag089,180768,Mk10,14:25:34 14-Jun-2019,Argos,0,35.4036,-74.5761,9449,95227,937,110,,,,,,
ZcTag089,180768,Mk10,16:00:48 14-Jun-2019,Argos,B,35.3781,-74.5659,7946,21708,2908,110,,,,,,
ZcTag089,180768,Mk10,21:00:17 14-Jun-2019,Argos,0,35.6167,-75.0408,22784,63501,8174,36,,,,,,
ZcTag089,180768,Mk10,23:05:59 14-Jun-2019,Argos,A,35.8000,-74.9134,10005,18287,5473,108,,,,,,
ZcTag089,180768,Mk10,23:27:27 14-Jun-2019,Argos,B,35.7918,-74.8787,8062,13127,4951,104,,,,,,
ZcTag089,180768,Mk10,01:10:39 15-Jun-2019,Argos,0,35.6366,-74.7815,9426,63470,1399,80,,,,,,
ZcTag089,180768,Mk10,01:47:00 15-Jun-2019,Argos,A,35.6414,-75.0102,13745,31715,5957,73,,,,,,
ZcTag089,180768,Mk10,02:05:30 15-Jun-2019,Argos,A,35.5104,-75.0200,13370,130783,1366,86,,,,,,
ZcTag089,180768,Mk10,02:24:05 15-Jun-2019,Argos,B,35.5219,-74.9126,6400,16011,2557,102,,,,,,
ZcTag089,180768,Mk10,09:09:08 15-Jun-2019,Argos,0,35.6512,-74.7627,25832,59315,11249,140,,,,,,
ZcTag089,180768,Mk10,10:56:51 15-Jun-2019,Argos,0,35.5536,-74.7105,10449,108280,1008,114,,,,,,
ZcTag089,180768,Mk10,13:58:12 15-Jun-2019,Argos,B,35.5640,-74.8833,8148,41006,1618,83,,,,,,
ZcTag089,180768,Mk10,23:05:22 15-Jun-2019,Argos,0,35.5209,-75.0825,8151,163791,405,110,,,,,,
ZcTag089,180768,Mk10,00:55:18 16-Jun-2019,Argos,A,35.5126,-75.0225,9220,23667,3591,65,,,,,,
ZcTag089,180768,Mk10,02:18:34 16-Jun-2019,Argos,B,35.5109,-74.9295,10618,28884,3903,111,,,,,,
ZcTag089,180768,Mk10,10:51:54 16-Jun-2019,Argos,0,35.3767,-75.1804,8069,79749,816,86,,,,,,
ZcTag089,180768,Mk10,13:01:23 16-Jun-2019,Argos,B,35.3102,-75.1541,6261,29487,1329,100,,,,,,
ZcTag089,180768,Mk10,14:07:03 16-Jun-2019,Argos,Z,35.5054,-74.7223,1204,2547,569,40,,,,,,
ZcTag089,180768,Mk10,14:31:55 16-Jun-2019,Argos,B,35.2897,-75.1588,6379,16137,2521,99,,,,,,
ZcTag089,180768,Mk10,15:44:47 16-Jun-2019,Argos,0,35.5751,-75.0161,11924,81322,1748,71,,,,,,
ZcTag089,180768,Mk10,23:48:10 16-Jun-2019,Argos,0,35.8150,-74.8671,10367,46144,2328,108,,,,,,
ZcTag089,180768,Mk10,00:07:24 17-Jun-2019,Argos,0,35.5285,-74.6326,14609,170595,1251,119,,,,,,
ZcTag089,180768,Mk10,01:21:46 17-Jun-2019,Argos,0,35.4454,-74.9025,15492,269253,891,85,,,,,,
ZcTag089,180768,Mk10,02:40:11 17-Jun-2019,Argos,1,35.4680,-74.8525,1278,3593,454,18,,,,,,
ZcTag089,180768,Mk10,03:51:30 17-Jun-2019,Argos,B,35.4917,-74.8650,2815,3217,2462,84,,,,,,
ZcTag089,180768,Mk10,09:45:27 17-Jun-2019,Argos,1,35.5618,-74.6333,773,2268,263,136,,,,,,
ZcTag089,180768,Mk10,10:33:26 17-Jun-2019,Argos,0,35.5728,-74.6045,10644,49152,2305,116,,,,,,
ZcTag089,180768,Mk10,12:13:24 17-Jun-2019,Argos,0,36.0112,-74.7053,14029,53720,3663,91,,,,,,
ZcTag089,180768,Mk10,13:48:09 17-Jun-2019,Argos,Z,35.4782,-74.6995,95957,845189,10894,94,,,,,,
ZcTag089,180768,Mk10,14:25:39 17-Jun-2019,Argos,0,35.6175,-74.8341,8849,12558,6235,9,,,,,,
ZcTag089,180768,Mk10,14:26:27 17-Jun-2019,Argos,0,35.6285,-74.7658,2462,7532,804,115,,,,,,
ZcTag089,180768,Mk10,15:20:21 17-Jun-2019,Argos,B,35.6368,-74.7689,9981,12757,7809,90,,,,,,
ZcTag089,180768,Mk10,20:21:47 17-Jun-2019,Argos,A,35.6033,-74.8054,1860,13344,259,85,,,,,,
ZcTag089,180768,Mk10,02:47:29 18-Jun-2019,Argos,A,35.6150,-74.8774,1721,6485,456,71,,,,,,
ZcTag089,180768,Mk10,08:43:33 18-Jun-2019,Argos,0,35.5638,-74.4526,4898,14885,1611,172,,,,,,
ZcTag089,180768,Mk10,09:20:04 18-Jun-2019,Argos,A,36.2894,-74.2149,2077,43216,99,22,,,,,,Lat > 4 deviations from mean
ZcTag089,180768,Mk10,10:29:30 18-Jun-2019,Argos,Z,35.2622,-74.5865,2644,5667,1233,92,,,,,,
ZcTag089,180768,Mk10,10:49:52 18-Jun-2019,Argos,A,35.6302,-74.1877,6883,87830,539,33,,,,,,
ZcTag089,180768,Mk10,12:08:31 18-Jun-2019,Argos,B,35.6240,-74.1907,7770,14177,4258,40,,,,,,
ZcTag089,180768,Mk10,12:29:49 18-Jun-2019,Argos,B,35.6303,-74.2113,3166,5378,1864,83,,,,,,
ZcTag089,180768,Mk10,14:42:34 18-Jun-2019,Argos,B,35.5866,-74.3112,1933,2545,1468,94,,,,,,
ZcTag089,180768,Mk10,15:02:53 18-Jun-2019,Argos,0,35.4239,-74.5279,4937,55964,435,109,,,,,,
ZcTag089,180768,Mk10,23:43:30 18-Jun-2019,Argos,B,35.5139,-74.5409,22430,30822,16322,95,,,,,,
ZcTag089,180768,Mk10,00:49:48 19-Jun-2019,Argos,0,35.4074,-75.0882,8074,27461,2374,141,,,,,,
ZcTag089,180768,Mk10,00:49:50 19-Jun-2019,Argos,A,35.4965,-75.1843,2207,2388,2038,173,,,,,,
ZcTag089,180768,Mk10,01:19:48 19-Jun-2019,Argos,0,35.3826,-74.9787,2633,16832,411,82,,,,,,
ZcTag089,180768,Mk10,02:20:15 19-Jun-2019,Argos,0,35.3729,-74.7996,21400,147793,3098,64,,,,,,
ZcTag089,180768,Mk10,08:43:56 19-Jun-2019,Argos,A,35.4656,-74.4783,23403,32341,16934,170,,,,,,
ZcTag089,180768,Mk10,10:25:43 19-Jun-2019,Argos,0,35.5975,-74.6320,11719,246153,557,70,,,,,,
ZcTag089,180768,Mk10,13:06:11 19-Jun-2019,Argos,B,35.4502,-74.4918,14364,85164,2422,61,,,,,,
ZcTag089,180768,Mk10,13:55:56 19-Jun-2019,Argos,B,35.4240,-74.5384,15429,32881,7239,64,,,,,,
ZcTag089,180768,Mk10,14:39:25 19-Jun-2019,Argos,A,35.5190,-74.3597,28665,42303,19423,78,,,,,,
ZcTag089,180768,Mk10,15:25:07 19-Jun-2019,Argos,1,35.5149,-74.8201,933,6237,139,77,,,,,,
ZcTag089,180768,Mk10,19:52:19 19-Jun-2019,Argos,0,35.2694,-74.6811,18581,113451,3043,64,,,,,,
ZcTag089,180768,Mk10,21:40:06 19-Jun-2019,Argos,0,35.6402,-74.5330,33788,147110,7760,88,,,,,,
ZcTag089,180768,Mk10,23:18:08 19-Jun-2019,Argos,A,35.6797,-75.0809,20801,23438,18459,76,,,,,,
ZcTag089,180768,Mk10,23:18:19 19-Jun-2019,Argos,A,35.7582,-75.2245,20567,28257,14968,56,,,,,,
ZcTag089,180768,Mk10,00:23:30 20-Jun-2019,Argos,0,35.3904,-74.6059,2132,11244,404,1,,,,,,
ZcTag089,180768,Mk10,01:23:04 20-Jun-2019,Argos,0,35.3386,-74.5903,10449,51229,2131,67,,,,,,
ZcTag089,180768,Mk10,01:38:53 20-Jun-2019,Argos,1,35.4851,-74.8227,1446,12105,172,73,,,,,,
ZcTag089,180768,Mk10,02:40:56 20-Jun-2019,Argos,B,35.3200,-74.6974,4991,17066,1459,63,,,,,,
ZcTag089,180768,Mk10,10:06:03 20-Jun-2019,Argos,0,35.0745,-74.3443,19603,207138,1855,119,,,,,,
ZcTag089,180768,Mk10,11:41:39 20-Jun-2019,Argos,B,35.2580,-74.7167,33594,79913,14122,116,,,,,,
ZcTag089,180768,Mk10,12:06:36 20-Jun-2019,Argos,B,35.2369,-74.6776,37829,80194,17844,132,,,,,,
ZcTag089,180768,Mk10,13:22:28 20-Jun-2019,Argos,0,35.8348,-74.8193,8405,76986,917,120,,,,,,
ZcTag089,180768,Mk10,13:49:05 20-Jun-2019,Argos,0,35.5707,-74.7797,17809,267811,1184,95,,,,,,
ZcTag089,180768,Mk10,15:38:09 20-Jun-2019,Argos,0,35.5542,-74.8589,2057,5956,710,2,,,,,,
ZcTag089,180768,Mk10,16:05:27 20-Jun-2019,Argos,0,35.5843,-75.0446,7878,25131,2469,5,,,,,,
ZcTag089,180768,Mk10,21:26:05 20-Jun-2019,Argos,0,35.4594,-74.9668,6195,212495,180,75,,,,,,
ZcTag089,180768,Mk10,23:45:08 20-Jun-2019,Argos,0,35.4604,-74.7614,1839,19505,173,97,,,,,,
ZcTag089,180768,Mk10,00:07:37 21-Jun-2019,Argos,B,35.4801,-74.7830,6687,10906,4100,92,,,,,,
ZcTag089,180768,Mk10,09:54:54 21-Jun-2019,Argos,B,35.3094,-74.9660,62242,108279,35778,122,,,,,,
ZcTag089,180768,Mk10,11:01:08 21-Jun-2019,Argos,1,35.4544,-74.8092,1236,10757,141,83,,,,,,
ZcTag089,180768,Mk10,11:03:12 21-Jun-2019,Argos,0,35.4813,-74.7945,3319,9232,1193,106,,,,,,
ZcTag089,180768,Mk10,12:49:21 21-Jun-2019,Argos,B,35.5329,-74.7106,21734,27426,17223,87,,,,,,
ZcTag089,180768,Mk10,14:08:10 21-Jun-2019,Argos,B,35.5786,-74.6499,26199,31710,21646,85,,,,,,
ZcTag089,180768,Mk10,15:16:44 21-Jun-2019,Argos,0,35.4380,-74.9141,3705,7730,1775,52,,,,,,
ZcTag089,180768,Mk10,15:16:44 21-Jun-2019,Argos,A,35.4757,-74.8822,4477,8457,2369,57,,,,,,
ZcTag089,180768,Mk10,22:56:49 21-Jun-2019,Argos,0,35.5532,-75.1643,6227,28009,1384,70,,,,,,
ZcTag089,180768,Mk10,23:17:20 21-Jun-2019,Argos,0,35.4298,-75.1098,5070,125810,204,101,,,,,,
ZcTag089,180768,Mk10,23:42:19 21-Jun-2019,Argos,0,35.4025,-74.6061,13298,17495,10107,151,,,,,,
ZcTag089,180768,Mk10,00:07:54 22-Jun-2019,Argos,1,35.4790,-74.8132,1383,8880,215,80,,,,,,
ZcTag089,180768,Mk10,01:24:42 22-Jun-2019,Argos,0,35.4385,-74.8850,2360,34774,160,71,,,,,,
ZcTag089,180768,Mk10,02:59:00 22-Jun-2019,Argos,0,35.2660,-74.8550,21414,139516,3286,93,,,,,,
ZcTag089,180768,Mk10,12:17:46 22-Jun-2019,Argos,0,35.5724,-74.8615,39209,,,,,,,,,
ZcTag089,180768,Mk10,14:53:46 22-Jun-2019,Argos,0,35.5892,-75.1920,16515,423964,643,102,,,,,,
ZcTag089,180768,Mk10,21:04:49 22-Jun-2019,Argos,0,35.4739,-75.1823,7635,82056,710,50,,,,,,
ZcTag089,180768,Mk10,23:09:19 22-Jun-2019,Argos,B,35.4587,-75.1889,8926,15925,5003,62,,,,,,
ZcTag089,180768,Mk10,00:48:19 23-Jun-2019,Argos,A,35.2961,-75.2090,12235,184630,810,84,,,,,,
ZcTag089,180768,Mk10,01:02:55 23-Jun-2019,Argos,0,35.4369,-74.7240,2663,21392,331,94,,,,,,
ZcTag089,180768,Mk10,02:18:36 23-Jun-2019,Argos,0,35.4339,-74.7653,4128,66810,255,86,,,,,,
ZcTag089,180768,Mk10,03:22:21 23-Jun-2019,Argos,0,35.3734,-74.8636,2719,9384,788,148,,,,,,
ZcTag089,180768,Mk10,09:53:22 23-Jun-2019,Argos,B,35.3377,-74.8681,12670,19237,8344,103,,,,,,
ZcTag089,180768,Mk10,13:17:11 23-Jun-2019,Argos,0,35.5713,-75.2991,29591,502262,1743,81,,,,,,
ZcTag089,180768,Mk10,13:17:32 23-Jun-2019,Argos,1,35.3992,-74.7058,1337,9600,186,75,,,,,,
ZcTag089,180768,Mk10,14:08:03 23-Jun-2019,Argos,A,34.9438,-74.7054,2631,67090,103,145,,,,,,
ZcTag089,180768,Mk10,15:06:11 23-Jun-2019,Argos,0,35.2287,-74.9839,4562,29831,697,82,,,,,,
ZcTag089,180768,Mk10,21:31:49 23-Jun-2019,Argos,B,35.2279,-74.8588,3649,4893,2720,100,,,,,,
ZcTag089,180768,Mk10,23:18:27 23-Jun-2019,Argos,B,35.4279,-75.1819,23075,32546,16360,67,,,,,,
ZcTag089,180768,Mk10,01:18:17 24-Jun-2019,Argos,A,35.2172,-75.1548,25492,169077,3843,89,,,,,,
ZcTag089,180768,Mk10,02:17:37 24-Jun-2019,Argos,0,35.2110,-74.9841,16163,117846,2216,94,,,,,,
ZcTag089,180768,Mk10,02:17:37 24-Jun-2019,Argos,0,35.1966,-74.8460,7326,29155,1840,81,,,,,,
ZcTag089,180768,Mk10,09:27:34 24-Jun-2019,Argos,0,35.3101,-74.6641,5268,25515,1087,138,,,,,,
ZcTag089,180768,Mk10,13:46:05 24-Jun-2019,Argos,0,35.0924,-74.5416,7170,59391,865,102,,,,,,
ZcTag089,180768,Mk10,14:16:16 24-Jun-2019,Argos,A,35.3949,-74.7074,1501,21201,106,103,,,,,,
ZcTag089,180768,Mk10,14:44:42 24-Jun-2019,Argos,0,35.4408,-74.9133,1756,5173,596,42,,,,,,
ZcTag089,180768,Mk10,14:44:45 24-Jun-2019,Argos,0,35.2958,-75.0180,5102,9850,2642,60,,,,,,
ZcTag089,180768,Mk10,22:48:57 24-Jun-2019,Argos,B,35.4565,-74.9276,31113,330286,2930,89,,,,,,
ZcTag089,180768,Mk10,23:17:00 24-Jun-2019,Argos,B,35.4562,-74.8867,26644,85375,8315,88,,,,,,
ZcTag089,180768,Mk10,01:32:30 25-Jun-2019,Argos,1,35.5008,-74.8778,671,4347,103,120,,,,,,
ZcTag089,180768,Mk10,03:10:47 25-Jun-2019,Argos,B,35.4237,-74.8306,7416,11540,4765,82,,,,,,
ZcTag089,180768,Mk10,08:59:29 25-Jun-2019,Argos,A,35.6359,-74.7258,17779,100366,3149,89,,,,,,
ZcTag089,180768,Mk10,08:59:44 25-Jun-2019,Argos,0,35.6332,-74.7283,7974,51362,1237,97,,,,,,
ZcTag089,180768,Mk10,10:33:46 25-Jun-2019,Argos,0,35.5076,-74.4154,12156,186356,792,76,,,,,,
ZcTag089,180768,Mk10,12:40:21 25-Jun-2019,Argos,B,35.4561,-74.4050,8674,17724,4244,167,,,,,,
ZcTag089,180768,Mk10,12:40:21 25-Jun-2019,Argos,A,35.4894,-74.4054,4573,8644,2419,163,,,,,,
ZcTag089,180768,Mk10,12:55:42 25-Jun-2019,Argos,0,35.2439,-74.3484,9769,53630,1779,91,,,,,,
ZcTag089,180768,Mk10,13:17:01 25-Jun-2019,Argos,0,35.5498,-74.1634,23531,127106,4356,98,,,,,,
ZcTag089,180768,Mk10,22:54:09 25-Jun-2019,Argos,0,35.0565,-74.4088,43750,574663,3330,116,,,,,,
ZcTag089,180768,Mk10,01:18:18 26-Jun-2019,Argos,0,35.3439,-75.0973,9401,32054,2756,47,,,,,,
ZcTag089,180768,Mk10,02:24:19 26-Jun-2019,Argos,B,35.3948,-75.1131,9818,15496,6219,54,,,,,,
ZcTag089,180768,Mk10,10:03:03 26-Jun-2019,Argos,0,35.3805,-74.9025,3731,60371,230,78,,,,,,
ZcTag089,180768,Mk10,10:26:43 26-Jun-2019,Argos,0,35.6507,-74.1931,19544,38849,9831,97,,,,,,
ZcTag089,180768,Mk10,11:48:43 26-Jun-2019,Argos,0,35.6065,-74.2623,4614,27029,787,93,,,,,,
ZcTag089,180768,Mk10,12:11:03 26-Jun-2019,Argos,B,35.5965,-74.4414,4230,11080,1614,95,,,,,,
ZcTag089,180768,Mk10,13:54:47 26-Jun-2019,Argos,0,35.7676,-74.7285,15299,68784,3402,70,,,,,,
ZcTag089,180768,Mk10,13:55:12 26-Jun-2019,Argos,0,35.7482,-74.7721,4179,11002,1587,77,,,,,,
ZcTag089,180768,Mk10,14:15:52 26-Jun-2019,Argos,0,35.8596,-74.5151,11774,20021,6923,90,,,,,,
ZcTag089,180768,Mk10,14:40:27 26-Jun-2019,Argos,0,35.4581,-74.6815,4154,21996,784,115,,,,,,
ZcTag089,180768,Mk10,20:12:43 26-Jun-2019,Argos,0,35.2842,-74.6397,9594,58668,1568,42,,,,,,
ZcTag089,180768,Mk10,22:19:35 26-Jun-2019,Argos,0,35.3607,-74.6791,1617,5271,495,171,,,,,,
ZcTag089,180768,Mk10,00:23:37 27-Jun-2019,Argos,B,35.4111,-74.6997,2598,3002,2247,64,,,,,,
ZcTag089,180768,Mk10,01:24:43 27-Jun-2019,Argos,B,35.4504,-74.7188,3358,3876,2909,178,,,,,,
ZcTag089,180768,Mk10,01:44:13 27-Jun-2019,Argos,1,35.3274,-74.8680,714,1734,293,121,,,,,,
ZcTag089,180768,Mk10,02:56:37 27-Jun-2019,Argos,0,35.2449,-74.9083,6501,21368,1977,99,,,,,,
ZcTag089,180768,Mk10,09:37:30 27-Jun-2019,Argos,A,35.3931,-75.0675,8215,65438,1031,64,,,,,,
ZcTag089,180768,Mk10,15:23:04 27-Jun-2019,Argos,B,35.1333,-75.2185,9965,71301,1392,90,,,,,,
ZcTag089,180768,Mk10,15:45:49 27-Jun-2019,Argos,A,35.1993,-74.7648,31037,102591,9389,95,,,,,,
ZcTag089,180768,Mk10,23:06:41 27-Jun-2019,Argos,0,34.8244,-75.0359,41273,292950,5814,101,,,,,,
ZcTag089,180768,Mk10,23:28:17 27-Jun-2019,Argos,0,35.3257,-75.0529,4919,16344,1480,100,,,,,,
ZcTag089,180768,Mk10,00:55:32 28-Jun-2019,Argos,0,35.1814,-75.0292,3419,28752,406,70,,,,,,
ZcTag089,180768,Mk10,00:56:36 28-Jun-2019,Argos,0,35.2715,-74.8131,25672,129629,5084,72,,,,,,
ZcTag089,180768,Mk10,02:34:01 28-Jun-2019,Argos,B,35.1022,-75.0092,6158,8713,4351,74,,,,,,
ZcTag089,180768,Mk10,03:19:57 28-Jun-2019,Argos,B,35.1257,-75.0288,3681,18601,728,9,,,,,,
ZcTag089,180768,Mk10,09:03:54 28-Jun-2019,Argos,0,35.3312,-74.6055,11017,50530,2401,134,,,,,,
ZcTag089,180768,Mk10,11:34:57 28-Jun-2019,Argos,A,35.0417,-74.7416,20495,48096,8733,120,,,,,,
ZcTag089,180768,Mk10,14:04:33 28-Jun-2019,Argos,B,34.7722,-74.8756,40583,108559,15171,118,,,,,,
ZcTag089,180768,Mk10,14:29:46 28-Jun-2019,Argos,0,35.3407,-75.0750,54528,460550,6456,86,,,,,,
ZcTag089,180768,Mk10,14:55:15 28-Jun-2019,Argos,0,35.3494,-74.8266,11624,69370,1947,120,,,,,,
ZcTag089,180768,Mk10,23:02:44 28-Jun-2019,Argos,0,34.7112,-75.1743,12886,44153,3760,130,,,,,,
ZcTag089,180768,Mk10,00:24:46 29-Jun-2019,Argos,0,35.1221,-75.1874,49062,394620,6099,96,,,,,,
ZcTag089,180768,Mk10,03:01:10 29-Jun-2019,Argos,B,35.2352,-75.2412,43903,72330,26647,103,,,,,,
ZcTag089,180768,Mk10,09:53:36 29-Jun-2019,Argos,0,35.4470,-75.4182,12549,176621,891,79,,,,,,
ZcTag089,180768,Mk10,10:16:40 29-Jun-2019,Argos,0,35.4787,-75.3383,6293,18371,2155,70,,,,,,
ZcTag089,180768,Mk10,11:40:13 29-Jun-2019,Argos,0,35.3750,-75.3538,5724,31121,1052,120,,,,,,
ZcTag089,180768,Mk10,13:34:14 29-Jun-2019,Argos,0,35.6824,-75.2849,6919,65057,735,102,,,,,,
ZcTag089,180768,Mk10,15:20:16 29-Jun-2019,Argos,0,35.3210,-74.8435,3270,22759,469,107,,,,,,
ZcTag089,180768,Mk10,15:22:08 29-Jun-2019,Argos,A,35.3272,-74.6830,8751,31156,2457,96,,,,,,
ZcTag089,180768,Mk10,21:20:26 29-Jun-2019,Argos,0,35.3766,-74.5905,3436,7329,1610,57,,,,,,
ZcTag089,180768,Mk10,00:01:12 30-Jun-2019,Argos,A,35.2431,-74.8405,6976,23514,2069,123,,,,,,
ZcTag089,180768,Mk10,00:01:12 30-Jun-2019,Argos,A,35.2628,-74.7825,28205,88854,8953,122,,,,,,
ZcTag089,180768,Mk10,01:07:05 30-Jun-2019,Argos,0,35.4106,-74.8687,5213,154901,175,78,,,,,,
ZcTag089,180768,Mk10,02:47:58 30-Jun-2019,Argos,A,35.3362,-75.0141,8807,20703,3746,103,,,,,,
ZcTag089,180768,Mk10,03:08:44 30-Jun-2019,Argos,A,35.3664,-74.8733,8604,65109,1137,91,,,,,,
ZcTag089,180768,Mk10,11:16:37 30-Jun-2019,Argos,0,35.4831,-74.3173,6490,49015,859,76,,,,,,
